,Container
0,SN1
1,SN1
2,SN1
3,SN1
4,SN1
5,SN1
6,SN1
7,SN1
8,SN1
9,SN1
10,SN1
11,SN1
12,SN1
13,SN1
14,SN1
15,SN1
16,SN1
17,SN1
18,SN1
19,SN1
20,SN1
21,SN1
22,SN1
23,SN1
24,SN1
25,SN1
26,SN1
27,SN1
28,SN1
29,SN1
30,SN1
31,SN1
32,SN1
33,SN1
34,SN1
35,SN1
36,SN1
37,SN1
38,SN1
39,SN1
40,SN1
41,SN1
42,SN1
43,SN1
44,SN1
45,SN1
46,SN1
47,SN1
48,SN2
49,SN2
50,SN2
51,SN2
52,SN2
53,SN2
54,SN2
55,SN2
56,SN2
57,SN2
58,SN2
59,SN2
60,SN2
61,SN2
62,SN2
63,SN2
64,SN2
65,SN2
66,SN2
67,SN2
68,SN2
69,SN2
70,SN2
71,SN2
72,SN2
73,SN2
74,SN2
75,SN2
76,SN2
77,SN2
78,SN2
79,SN2
80,SN2
81,SN2
82,SN2
83,SN2
84,SN2
85,SN2
86,SN2
87,SN2
88,SN3
89,SN3
90,SN3
91,SN3
92,SN3
93,SN3
94,SN3
95,SN3
96,SN3
97,SN3
98,SN3
99,SN3
100,SN3
101,SN3
102,SN3
103,SN3
104,SN3
105,SN3
106,SN3
107,SN3
108,SN3
109,SN3
110,SN3
111,SN3
112,SN3
113,SN3
114,SN3
115,SN3
116,SN3
117,SN3
118,SN3
119,SN3
120,SN3
121,SN3
122,SN3
123,SN3
124,SN3
125,SN3
126,SN3
127,SN3
128,SN4
129,SN4
130,SN4
131,SN4
132,SN4
133,SN4
134,SN4
135,SN4
136,SN4
137,SN4
138,SN4
139,SN4
140,SN4
141,SN4
142,SN4
143,SN4
144,SN4
145,SN4
146,SN4
147,SN4
148,SN4
149,SN4
150,SN4
151,SN4
152,SN4
153,SN4
154,SN4
155,SN4
156,SN4
157,SN4
158,SN4
159,SN4
160,SN5
161,SN5
162,SN5
163,SN5
164,SN5
165,SN5
166,SN5
167,SN5
168,SN5
169,SN5
170,SN5
171,SN5
172,SN5
173,SN5
174,SN5
175,SN5
176,SN5
177,SN5
178,SN5
179,SN5
180,SN5
181,SN5
182,SN5
183,SN5
184,SN5
185,SN5
186,SN5
187,SN5
188,SN5
189,SN5
190,SN5
191,SN5
192,SN5
193,SN5
194,SN5
195,SN5
196,SN5
197,SN5
198,SN5
199,SN5
200,SN5
201,SN5
202,SN5
203,SN5
204,SN5
205,SN5
206,SN5
207,SN5
208,SN5
209,SN5
210,SN6
211,SN6
212,SN6
213,SN6
214,SN6
215,SN6
216,SN6
217,SN6
218,SN6
219,SN6
220,SN6
221,SN6
222,SN6
223,SN6
224,SN6
225,SN6
226,SN6
227,SN6
228,SN6
229,SN6
230,SN6
231,SN6
232,SN6
233,SN6
234,SN6
235,SN6
236,SN6
237,SN6
238,SN6
239,SN6
240,SN6
241,SN6
242,SN6
243,SN6
244,SN6
245,SN6
246,SN6
247,SN6
248,SN6
249,SN6
250,SN6
251,SN6
252,SN6
253,SN6
254,SN6
255,SN6
256,SN6
257,SN6
258,SN6
259,SN6
260,SN6
261,SN6
262,SN6
263,SN6
264,SN6
265,SN6
266,SN6
267,SN6
268,SN6
269,SN6
270,SN6
271,SN6
272,SN6
273,SN6
274,SN7
275,SN7
276,SN7
277,SN7
278,SN7
279,SN7
280,SN7
281,SN7
282,SN7
283,SN7
284,SN7
285,SN7
286,SN7
287,SN7
288,SN7
289,SN7
290,SN7
291,SN7
292,SN7
293,SN7
294,SN7
295,SN7
296,SN7
297,SN7
298,SN7
299,SN7
300,SN7
301,SN7
302,SN7
303,SN7
304,SN7
305,SN7
306,SN7
307,SN7
308,SN7
309,SN7
310,SN7
311,SN7
312,SN7
313,SN7
314,SN7
315,SN7
316,SN7
317,SN7
318,SN7
319,SN7
320,SN7
321,SN7
322,SN8
323,SN8
324,SN8
325,SN8
326,SN8
327,SN8
328,SN8
329,SN8
330,SN8
331,SN8
332,SN8
333,SN8
334,SN8
335,SN8
336,SN8
337,SN8
338,SN8
339,SN8
340,SN8
341,SN8
342,SN8
343,SN8
344,SN8
345,SN8
346,SN8
347,SN8
348,SN8
349,SN8
350,SN8
351,SN8
352,SN8
353,SN8
