Date,Container,Zone,Entry,Exit
2020-12-09,SN5,A,2020-12-09,2020-12-24
2020-12-09,SN6,A,2020-12-09,2020-12-24
2020-12-10,SN5,A,2020-12-09,2020-12-24
2020-12-10,SN6,A,2020-12-09,2020-12-24
2020-12-11,SN5,A,2020-12-09,2020-12-24
2020-12-11,SN6,A,2020-12-09,2020-12-24
2020-12-12,SN5,A,2020-12-09,2020-12-24
2020-12-12,SN6,A,2020-12-09,2020-12-24
2020-12-13,SN5,A,2020-12-09,2020-12-24
2020-12-13,SN6,A,2020-12-09,2020-12-24
2020-12-14,SN5,A,2020-12-09,2020-12-24
2020-12-14,SN6,A,2020-12-09,2020-12-24
2020-12-15,SN5,A,2020-12-09,2020-12-24
2020-12-15,SN6,A,2020-12-09,2020-12-24
2020-12-16,SN5,A,2020-12-09,2020-12-24
2020-12-16,SN6,A,2020-12-09,2020-12-24
2020-12-17,SN5,A,2020-12-09,2020-12-24
2020-12-17,SN6,A,2020-12-09,2020-12-24
2020-12-18,SN5,A,2020-12-09,2020-12-24
2020-12-18,SN6,A,2020-12-09,2020-12-24
2020-12-19,SN5,A,2020-12-09,2020-12-24
2020-12-19,SN6,A,2020-12-09,2020-12-24
2020-12-20,SN5,A,2020-12-09,2020-12-24
2020-12-20,SN6,A,2020-12-09,2020-12-24
2020-12-21,SN5,A,2020-12-09,2020-12-24
2020-12-21,SN6,A,2020-12-09,2020-12-24
2020-12-22,SN5,A,2020-12-09,2020-12-24
2020-12-22,SN6,A,2020-12-09,2020-12-24
2020-12-23,SN5,A,2020-12-09,2020-12-24
2020-12-23,SN6,A,2020-12-09,2020-12-24
2020-12-24,SN5,A,2020-12-09,2020-12-24
2020-12-24,SN5,B,2020-12-24,2020-12-29
2020-12-24,SN6,A,2020-12-09,2020-12-24
2020-12-24,SN6,B,2020-12-24,2020-12-29
2020-12-25,SN5,B,2020-12-24,2020-12-29
2020-12-25,SN6,B,2020-12-24,2020-12-29
2020-12-26,SN5,B,2020-12-24,2020-12-29
2020-12-26,SN6,B,2020-12-24,2020-12-29
2020-12-27,SN5,B,2020-12-24,2020-12-29
2020-12-27,SN6,B,2020-12-24,2020-12-29
2020-12-28,SN5,B,2020-12-24,2020-12-29
2020-12-28,SN6,B,2020-12-24,2020-12-29
2020-12-29,SN5,B,2020-12-24,2020-12-29
2020-12-29,SN5,C,2020-12-29,2020-12-30
2020-12-29,SN6,B,2020-12-24,2020-12-29
2020-12-29,SN6,C,2020-12-29,2020-12-30
2020-12-30,SN5,C,2020-12-29,2020-12-30
2020-12-30,SN6,C,2020-12-29,2020-12-30
2021-01-10,SN5,D,2021-01-10,2021-01-12
2021-01-10,SN6,D,2021-01-10,2021-01-12
2021-01-11,SN5,D,2021-01-10,2021-01-12
2021-01-11,SN6,D,2021-01-10,2021-01-12
2021-01-12,SN5,D,2021-01-10,2021-01-12
2021-01-12,SN5,E,2021-01-12,2021-01-27
2021-01-12,SN6,D,2021-01-10,2021-01-12
2021-01-12,SN6,E,2021-01-12,2021-01-27
2021-01-13,SN5,E,2021-01-12,2021-01-27
2021-01-13,SN6,E,2021-01-12,2021-01-27
2021-01-14,SN5,E,2021-01-12,2021-01-27
2021-01-14,SN6,E,2021-01-12,2021-01-27
2021-01-15,SN5,E,2021-01-12,2021-01-27
2021-01-15,SN6,E,2021-01-12,2021-01-27
2021-01-16,SN5,E,2021-01-12,2021-01-27
2021-01-16,SN6,E,2021-01-12,2021-01-27
2021-01-17,SN5,E,2021-01-12,2021-01-27
2021-01-17,SN6,E,2021-01-12,2021-01-27
2021-01-18,SN5,E,2021-01-12,2021-01-27
2021-01-18,SN6,E,2021-01-12,2021-01-27
2021-01-19,SN5,E,2021-01-12,2021-01-27
2021-01-19,SN6,E,2021-01-12,2021-01-27
2021-01-20,SN5,E,2021-01-12,2021-01-27
2021-01-20,SN6,E,2021-01-12,2021-01-27
2021-01-21,SN5,E,2021-01-12,2021-01-27
2021-01-21,SN6,E,2021-01-12,2021-01-27
2021-01-22,SN5,E,2021-01-12,2021-01-27
2021-01-22,SN6,E,2021-01-12,2021-01-27
2021-01-23,SN5,E,2021-01-12,2021-01-27
2021-01-23,SN6,E,2021-01-12,2021-01-27
2021-01-24,SN5,E,2021-01-12,2021-01-27
2021-01-24,SN6,E,2021-01-12,2021-01-27
2021-01-25,SN5,E,2021-01-12,2021-01-27
2021-01-25,SN6,E,2021-01-12,2021-01-27
2021-01-26,SN5,E,2021-01-12,2021-01-27
2021-01-26,SN6,E,2021-01-12,2021-01-27
2021-01-27,SN5,E,2021-01-12,2021-01-27
2021-01-27,SN5,D,2021-01-27,2021-01-29
2021-01-27,SN6,E,2021-01-12,2021-01-27
2021-01-27,SN6,D,2021-01-27,2021-01-29
2021-01-28,SN5,D,2021-01-27,2021-01-29
2021-01-28,SN6,D,2021-01-27,2021-01-29
2021-01-29,SN5,D,2021-01-27,2021-01-29
2021-01-29,SN6,D,2021-01-27,2021-01-29
2021-02-12,SN5,C,2021-02-12,2021-02-13
2021-02-12,SN6,C,2021-02-12,2021-02-13
2021-02-13,SN5,C,2021-02-12,2021-02-13
2021-02-13,SN6,C,2021-02-12,2021-02-13
2021-02-13,SN6,B,2021-02-13,2021-02-18
2021-02-14,SN6,B,2021-02-13,2021-02-18
2021-02-15,SN6,B,2021-02-13,2021-02-18
2021-02-16,SN6,B,2021-02-13,2021-02-18
2021-02-17,SN6,B,2021-02-13,2021-02-18
2021-02-18,SN6,B,2021-02-13,2021-02-18
2021-07-20,SN1,A,2021-07-20,2021-08-04
2021-07-20,SN2,A,2021-07-20,2021-08-04
2021-07-20,SN3,A,2021-07-20,2021-08-04
2021-07-20,SN8,A,2021-07-20,2021-08-04
2021-07-21,SN1,A,2021-07-20,2021-08-04
2021-07-21,SN2,A,2021-07-20,2021-08-04
2021-07-21,SN3,A,2021-07-20,2021-08-04
2021-07-21,SN8,A,2021-07-20,2021-08-04
2021-07-22,SN1,A,2021-07-20,2021-08-04
2021-07-22,SN2,A,2021-07-20,2021-08-04
2021-07-22,SN3,A,2021-07-20,2021-08-04
2021-07-22,SN8,A,2021-07-20,2021-08-04
2021-07-23,SN1,A,2021-07-20,2021-08-04
2021-07-23,SN2,A,2021-07-20,2021-08-04
2021-07-23,SN3,A,2021-07-20,2021-08-04
2021-07-23,SN8,A,2021-07-20,2021-08-04
2021-07-24,SN1,A,2021-07-20,2021-08-04
2021-07-24,SN2,A,2021-07-20,2021-08-04
2021-07-24,SN3,A,2021-07-20,2021-08-04
2021-07-24,SN8,A,2021-07-20,2021-08-04
2021-07-25,SN1,A,2021-07-20,2021-08-04
2021-07-25,SN2,A,2021-07-20,2021-08-04
2021-07-25,SN3,A,2021-07-20,2021-08-04
2021-07-25,SN8,A,2021-07-20,2021-08-04
2021-07-26,SN1,A,2021-07-20,2021-08-04
2021-07-26,SN2,A,2021-07-20,2021-08-04
2021-07-26,SN3,A,2021-07-20,2021-08-04
2021-07-26,SN8,A,2021-07-20,2021-08-04
2021-07-27,SN1,A,2021-07-20,2021-08-04
2021-07-27,SN2,A,2021-07-20,2021-08-04
2021-07-27,SN3,A,2021-07-20,2021-08-04
2021-07-27,SN8,A,2021-07-20,2021-08-04
2021-07-28,SN1,A,2021-07-20,2021-08-04
2021-07-28,SN2,A,2021-07-20,2021-08-04
2021-07-28,SN3,A,2021-07-20,2021-08-04
2021-07-28,SN8,A,2021-07-20,2021-08-04
2021-07-29,SN1,A,2021-07-20,2021-08-04
2021-07-29,SN2,A,2021-07-20,2021-08-04
2021-07-29,SN3,A,2021-07-20,2021-08-04
2021-07-29,SN8,A,2021-07-20,2021-08-04
2021-07-30,SN1,A,2021-07-20,2021-08-04
2021-07-30,SN2,A,2021-07-20,2021-08-04
2021-07-30,SN3,A,2021-07-20,2021-08-04
2021-07-30,SN8,A,2021-07-20,2021-08-04
2021-07-31,SN1,A,2021-07-20,2021-08-04
2021-07-31,SN2,A,2021-07-20,2021-08-04
2021-07-31,SN3,A,2021-07-20,2021-08-04
2021-07-31,SN8,A,2021-07-20,2021-08-04
2021-08-01,SN1,A,2021-07-20,2021-08-04
2021-08-01,SN2,A,2021-07-20,2021-08-04
2021-08-01,SN3,A,2021-07-20,2021-08-04
2021-08-01,SN8,A,2021-07-20,2021-08-04
2021-08-02,SN1,A,2021-07-20,2021-08-04
2021-08-02,SN2,A,2021-07-20,2021-08-04
2021-08-02,SN3,A,2021-07-20,2021-08-04
2021-08-02,SN8,A,2021-07-20,2021-08-04
2021-08-03,SN1,A,2021-07-20,2021-08-04
2021-08-03,SN2,A,2021-07-20,2021-08-04
2021-08-03,SN3,A,2021-07-20,2021-08-04
2021-08-03,SN8,A,2021-07-20,2021-08-04
2021-08-04,SN1,A,2021-07-20,2021-08-04
2021-08-04,SN1,B,2021-08-04,2021-08-09
2021-08-04,SN2,A,2021-07-20,2021-08-04
2021-08-04,SN2,B,2021-08-04,2021-08-09
2021-08-04,SN3,A,2021-07-20,2021-08-04
2021-08-04,SN3,B,2021-08-04,2021-08-09
2021-08-04,SN8,A,2021-07-20,2021-08-04
2021-08-04,SN8,B,2021-08-04,2021-08-09
2021-08-05,SN1,B,2021-08-04,2021-08-09
2021-08-05,SN2,B,2021-08-04,2021-08-09
2021-08-05,SN3,B,2021-08-04,2021-08-09
2021-08-05,SN8,B,2021-08-04,2021-08-09
2021-08-06,SN1,B,2021-08-04,2021-08-09
2021-08-06,SN2,B,2021-08-04,2021-08-09
2021-08-06,SN3,B,2021-08-04,2021-08-09
2021-08-06,SN8,B,2021-08-04,2021-08-09
2021-08-07,SN1,B,2021-08-04,2021-08-09
2021-08-07,SN2,B,2021-08-04,2021-08-09
2021-08-07,SN3,B,2021-08-04,2021-08-09
2021-08-07,SN8,B,2021-08-04,2021-08-09
2021-08-08,SN1,B,2021-08-04,2021-08-09
2021-08-08,SN2,B,2021-08-04,2021-08-09
2021-08-08,SN3,B,2021-08-04,2021-08-09
2021-08-08,SN8,B,2021-08-04,2021-08-09
2021-08-09,SN1,B,2021-08-04,2021-08-09
2021-08-09,SN1,C,2021-08-09,2021-08-10
2021-08-09,SN2,B,2021-08-04,2021-08-09
2021-08-09,SN2,C,2021-08-09,2021-08-10
2021-08-09,SN3,B,2021-08-04,2021-08-09
2021-08-09,SN3,C,2021-08-09,2021-08-10
2021-08-09,SN8,B,2021-08-04,2021-08-09
2021-08-09,SN8,C,2021-08-09,2021-08-10
2021-08-10,SN1,C,2021-08-09,2021-08-10
2021-08-10,SN2,C,2021-08-09,2021-08-10
2021-08-10,SN3,C,2021-08-09,2021-08-10
2021-08-10,SN8,C,2021-08-09,2021-08-10
2021-08-22,SN1,D,2021-08-22,2021-08-24
2021-08-22,SN2,D,2021-08-22,2021-08-24
2021-08-22,SN3,D,2021-08-22,2021-08-24
2021-08-22,SN8,D,2021-08-22,2021-08-24
2021-08-23,SN1,D,2021-08-22,2021-08-24
2021-08-23,SN2,D,2021-08-22,2021-08-24
2021-08-23,SN3,D,2021-08-22,2021-08-24
2021-08-23,SN8,D,2021-08-22,2021-08-24
2021-08-24,SN1,D,2021-08-22,2021-08-24
2021-08-24,SN1,E,2021-08-24,2021-09-08
2021-08-24,SN2,D,2021-08-22,2021-08-24
2021-08-24,SN2,E,2021-08-24,2021-09-08
2021-08-24,SN3,D,2021-08-22,2021-08-24
2021-08-24,SN3,E,2021-08-24,2021-09-08
2021-08-24,SN8,D,2021-08-22,2021-08-24
2021-08-24,SN8,E,2021-08-24,2021-09-08
2021-08-25,SN1,E,2021-08-24,2021-09-08
2021-08-25,SN2,E,2021-08-24,2021-09-08
2021-08-25,SN3,E,2021-08-24,2021-09-08
2021-08-25,SN8,E,2021-08-24,2021-09-08
2021-08-26,SN1,E,2021-08-24,2021-09-08
2021-08-26,SN2,E,2021-08-24,2021-09-08
2021-08-26,SN3,E,2021-08-24,2021-09-08
2021-08-26,SN8,E,2021-08-24,2021-09-08
2021-08-27,SN1,E,2021-08-24,2021-09-08
2021-08-27,SN2,E,2021-08-24,2021-09-08
2021-08-27,SN3,E,2021-08-24,2021-09-08
2021-08-27,SN8,E,2021-08-24,2021-09-08
2021-08-28,SN1,E,2021-08-24,2021-09-08
2021-08-28,SN2,E,2021-08-24,2021-09-08
2021-08-28,SN3,E,2021-08-24,2021-09-08
2021-08-28,SN8,E,2021-08-24,2021-09-08
2021-08-29,SN1,E,2021-08-24,2021-09-08
2021-08-29,SN2,E,2021-08-24,2021-09-08
2021-08-29,SN3,E,2021-08-24,2021-09-08
2021-08-29,SN8,E,2021-08-24,2021-09-08
2021-08-30,SN1,E,2021-08-24,2021-09-08
2021-08-30,SN2,E,2021-08-24,2021-09-08
2021-08-30,SN3,E,2021-08-24,2021-09-08
2021-08-30,SN8,E,2021-08-24,2021-09-08
2021-08-31,SN1,E,2021-08-24,2021-09-08
2021-08-31,SN2,E,2021-08-24,2021-09-08
2021-08-31,SN3,E,2021-08-24,2021-09-08
2021-08-31,SN8,E,2021-08-24,2021-09-08
2021-09-01,SN1,E,2021-08-24,2021-09-08
2021-09-01,SN2,E,2021-08-24,2021-09-08
2021-09-01,SN3,E,2021-08-24,2021-09-08
2021-09-01,SN8,E,2021-08-24,2021-09-08
2021-09-02,SN1,E,2021-08-24,2021-09-08
2021-09-02,SN2,E,2021-08-24,2021-09-08
2021-09-02,SN3,E,2021-08-24,2021-09-08
2021-09-02,SN8,E,2021-08-24,2021-09-08
2021-09-03,SN1,E,2021-08-24,2021-09-08
2021-09-03,SN2,E,2021-08-24,2021-09-08
2021-09-03,SN3,E,2021-08-24,2021-09-08
2021-09-03,SN8,E,2021-08-24,2021-09-08
2021-09-04,SN1,E,2021-08-24,2021-09-08
2021-09-04,SN2,E,2021-08-24,2021-09-08
2021-09-04,SN3,E,2021-08-24,2021-09-08
2021-09-04,SN8,E,2021-08-24,2021-09-08
2021-09-05,SN1,E,2021-08-24,2021-09-08
2021-09-05,SN2,E,2021-08-24,2021-09-08
2021-09-05,SN3,E,2021-08-24,2021-09-08
2021-09-05,SN8,E,2021-08-24,2021-09-08
2021-09-06,SN1,E,2021-08-24,2021-09-08
2021-09-06,SN2,E,2021-08-24,2021-09-08
2021-09-06,SN3,E,2021-08-24,2021-09-08
2021-09-06,SN8,E,2021-08-24,2021-09-08
2021-09-07,SN1,E,2021-08-24,2021-09-08
2021-09-07,SN2,E,2021-08-24,2021-09-08
2021-09-07,SN3,E,2021-08-24,2021-09-08
2021-09-07,SN8,E,2021-08-24,2021-09-08
2021-09-08,SN1,E,2021-08-24,2021-09-08
2021-09-08,SN1,D,2021-09-08,2021-09-10
2021-09-08,SN2,E,2021-08-24,2021-09-08
2021-09-08,SN2,D,2021-09-08,2021-09-10
2021-09-08,SN3,E,2021-08-24,2021-09-08
2021-09-08,SN3,D,2021-09-08,2021-09-10
2021-09-08,SN8,E,2021-08-24,2021-09-08
2021-09-08,SN8,D,2021-09-08,2021-09-10
2021-09-09,SN1,D,2021-09-08,2021-09-10
2021-09-09,SN2,D,2021-09-08,2021-09-10
2021-09-09,SN3,D,2021-09-08,2021-09-10
2021-09-09,SN8,D,2021-09-08,2021-09-10
2021-09-10,SN1,D,2021-09-08,2021-09-10
2021-09-10,SN2,D,2021-09-08,2021-09-10
2021-09-10,SN3,D,2021-09-08,2021-09-10
2021-09-10,SN8,D,2021-09-08,2021-09-10
2021-09-15,SN6,A,2021-09-15,2021-09-30
2021-09-15,SN7,A,2021-09-15,2021-09-30
2021-09-16,SN6,A,2021-09-15,2021-09-30
2021-09-16,SN7,A,2021-09-15,2021-09-30
2021-09-17,SN6,A,2021-09-15,2021-09-30
2021-09-17,SN7,A,2021-09-15,2021-09-30
2021-09-18,SN6,A,2021-09-15,2021-09-30
2021-09-18,SN7,A,2021-09-15,2021-09-30
2021-09-19,SN6,A,2021-09-15,2021-09-30
2021-09-19,SN7,A,2021-09-15,2021-09-30
2021-09-20,SN6,A,2021-09-15,2021-09-30
2021-09-20,SN7,A,2021-09-15,2021-09-30
2021-09-21,SN6,A,2021-09-15,2021-09-30
2021-09-21,SN7,A,2021-09-15,2021-09-30
2021-09-22,SN1,C,2021-09-22,2021-09-23
2021-09-22,SN2,C,2021-09-22,2021-09-23
2021-09-22,SN3,C,2021-09-22,2021-09-23
2021-09-22,SN6,A,2021-09-15,2021-09-30
2021-09-22,SN7,A,2021-09-15,2021-09-30
2021-09-22,SN8,C,2021-09-22,2021-09-23
2021-09-23,SN1,C,2021-09-22,2021-09-23
2021-09-23,SN1,B,2021-09-23,2021-09-28
2021-09-23,SN2,C,2021-09-22,2021-09-23
2021-09-23,SN2,B,2021-09-23,2021-09-28
2021-09-23,SN3,C,2021-09-22,2021-09-23
2021-09-23,SN3,B,2021-09-23,2021-09-28
2021-09-23,SN6,A,2021-09-15,2021-09-30
2021-09-23,SN7,A,2021-09-15,2021-09-30
2021-09-23,SN8,C,2021-09-22,2021-09-23
2021-09-23,SN8,B,2021-09-23,2021-09-28
2021-09-24,SN1,B,2021-09-23,2021-09-28
2021-09-24,SN2,B,2021-09-23,2021-09-28
2021-09-24,SN3,B,2021-09-23,2021-09-28
2021-09-24,SN6,A,2021-09-15,2021-09-30
2021-09-24,SN7,A,2021-09-15,2021-09-30
2021-09-24,SN8,B,2021-09-23,2021-09-28
2021-09-25,SN1,B,2021-09-23,2021-09-28
2021-09-25,SN2,B,2021-09-23,2021-09-28
2021-09-25,SN3,B,2021-09-23,2021-09-28
2021-09-25,SN6,A,2021-09-15,2021-09-30
2021-09-25,SN7,A,2021-09-15,2021-09-30
2021-09-25,SN8,B,2021-09-23,2021-09-28
2021-09-26,SN1,B,2021-09-23,2021-09-28
2021-09-26,SN2,B,2021-09-23,2021-09-28
2021-09-26,SN3,B,2021-09-23,2021-09-28
2021-09-26,SN6,A,2021-09-15,2021-09-30
2021-09-26,SN7,A,2021-09-15,2021-09-30
2021-09-26,SN8,B,2021-09-23,2021-09-28
2021-09-27,SN1,B,2021-09-23,2021-09-28
2021-09-27,SN2,B,2021-09-23,2021-09-28
2021-09-27,SN3,B,2021-09-23,2021-09-28
2021-09-27,SN6,A,2021-09-15,2021-09-30
2021-09-27,SN7,A,2021-09-15,2021-09-30
2021-09-27,SN8,B,2021-09-23,2021-09-28
2021-09-28,SN1,B,2021-09-23,2021-09-28
2021-09-28,SN2,B,2021-09-23,2021-09-28
2021-09-28,SN3,B,2021-09-23,2021-09-28
2021-09-28,SN6,A,2021-09-15,2021-09-30
2021-09-28,SN7,A,2021-09-15,2021-09-30
2021-09-28,SN8,B,2021-09-23,2021-09-28
2021-09-29,SN6,A,2021-09-15,2021-09-30
2021-09-29,SN7,A,2021-09-15,2021-09-30
2021-09-30,SN6,A,2021-09-15,2021-09-30
2021-09-30,SN6,B,2021-09-30,2021-10-05
2021-09-30,SN7,A,2021-09-15,2021-09-30
2021-09-30,SN7,B,2021-09-30,2021-10-05
2021-10-01,SN6,B,2021-09-30,2021-10-05
2021-10-01,SN7,B,2021-09-30,2021-10-05
2021-10-02,SN6,B,2021-09-30,2021-10-05
2021-10-02,SN7,B,2021-09-30,2021-10-05
2021-10-03,SN6,B,2021-09-30,2021-10-05
2021-10-03,SN7,B,2021-09-30,2021-10-05
2021-10-04,SN6,B,2021-09-30,2021-10-05
2021-10-04,SN7,B,2021-09-30,2021-10-05
2021-10-05,SN6,B,2021-09-30,2021-10-05
2021-10-05,SN6,C,2021-10-05,2021-10-06
2021-10-05,SN7,B,2021-09-30,2021-10-05
2021-10-05,SN7,C,2021-10-05,2021-10-06
2021-10-06,SN6,C,2021-10-05,2021-10-06
2021-10-06,SN7,C,2021-10-05,2021-10-06
2021-10-17,SN6,D,2021-10-17,2021-10-19
2021-10-17,SN7,D,2021-10-17,2021-10-19
2021-10-18,SN6,D,2021-10-17,2021-10-19
2021-10-18,SN7,D,2021-10-17,2021-10-19
2021-10-19,SN6,D,2021-10-17,2021-10-19
2021-10-19,SN6,E,2021-10-19,2021-11-03
2021-10-19,SN7,D,2021-10-17,2021-10-19
2021-10-19,SN7,E,2021-10-19,2021-11-03
2021-10-20,SN6,E,2021-10-19,2021-11-03
2021-10-20,SN7,E,2021-10-19,2021-11-03
2021-10-21,SN6,E,2021-10-19,2021-11-03
2021-10-21,SN7,E,2021-10-19,2021-11-03
2021-10-22,SN6,E,2021-10-19,2021-11-03
2021-10-22,SN7,E,2021-10-19,2021-11-03
2021-10-23,SN6,E,2021-10-19,2021-11-03
2021-10-23,SN7,E,2021-10-19,2021-11-03
2021-10-24,SN6,E,2021-10-19,2021-11-03
2021-10-24,SN7,E,2021-10-19,2021-11-03
2021-10-25,SN6,E,2021-10-19,2021-11-03
2021-10-25,SN7,E,2021-10-19,2021-11-03
2021-10-26,SN6,E,2021-10-19,2021-11-03
2021-10-26,SN7,E,2021-10-19,2021-11-03
2021-10-27,SN6,E,2021-10-19,2021-11-03
2021-10-27,SN7,E,2021-10-19,2021-11-03
2021-10-28,SN6,E,2021-10-19,2021-11-03
2021-10-28,SN7,E,2021-10-19,2021-11-03
2021-10-29,SN6,E,2021-10-19,2021-11-03
2021-10-29,SN7,E,2021-10-19,2021-11-03
2021-10-30,SN6,E,2021-10-19,2021-11-03
2021-10-30,SN7,E,2021-10-19,2021-11-03
2021-10-31,SN6,E,2021-10-19,2021-11-03
2021-10-31,SN7,E,2021-10-19,2021-11-03
2021-11-01,SN6,E,2021-10-19,2021-11-03
2021-11-01,SN7,E,2021-10-19,2021-11-03
2021-11-02,SN6,E,2021-10-19,2021-11-03
2021-11-02,SN7,E,2021-10-19,2021-11-03
2021-11-03,SN6,E,2021-10-19,2021-11-03
2021-11-03,SN6,D,2021-11-03,2021-11-05
2021-11-03,SN7,E,2021-10-19,2021-11-03
2021-11-03,SN7,D,2021-11-03,2021-11-05
2021-11-04,SN6,D,2021-11-03,2021-11-05
2021-11-04,SN7,D,2021-11-03,2021-11-05
2021-11-05,SN6,D,2021-11-03,2021-11-05
2021-11-05,SN7,D,2021-11-03,2021-11-05
2021-11-18,SN6,C,2021-11-18,2021-11-19
2021-11-18,SN7,C,2021-11-18,2021-11-19
2021-11-19,SN6,C,2021-11-18,2021-11-19
2021-11-19,SN6,B,2021-11-19,2021-11-24
2021-11-19,SN7,C,2021-11-18,2021-11-19
2021-11-19,SN7,B,2021-11-19,2021-11-24
2021-11-20,SN6,B,2021-11-19,2021-11-24
2021-11-20,SN7,B,2021-11-19,2021-11-24
2021-11-21,SN6,B,2021-11-19,2021-11-24
2021-11-21,SN7,B,2021-11-19,2021-11-24
2021-11-22,SN6,B,2021-11-19,2021-11-24
2021-11-22,SN7,B,2021-11-19,2021-11-24
2021-11-23,SN6,B,2021-11-19,2021-11-24
2021-11-23,SN7,B,2021-11-19,2021-11-24
2021-11-24,SN6,B,2021-11-19,2021-11-24
2021-11-24,SN7,B,2021-11-19,2021-11-24
2021-12-26,SN5,A,2021-12-26,2022-01-10
2021-12-26,SN6,A,2021-12-26,2022-01-10
2021-12-27,SN5,A,2021-12-26,2022-01-10
2021-12-27,SN6,A,2021-12-26,2022-01-10
2021-12-28,SN5,A,2021-12-26,2022-01-10
2021-12-28,SN6,A,2021-12-26,2022-01-10
2021-12-29,SN5,A,2021-12-26,2022-01-10
2021-12-29,SN6,A,2021-12-26,2022-01-10
2021-12-30,SN5,A,2021-12-26,2022-01-10
2021-12-30,SN6,A,2021-12-26,2022-01-10
2021-12-31,SN5,A,2021-12-26,2022-01-10
2021-12-31,SN6,A,2021-12-26,2022-01-10
2022-01-01,SN5,A,2021-12-26,2022-01-10
2022-01-01,SN6,A,2021-12-26,2022-01-10
2022-01-02,SN5,A,2021-12-26,2022-01-10
2022-01-02,SN6,A,2021-12-26,2022-01-10
2022-01-03,SN5,A,2021-12-26,2022-01-10
2022-01-03,SN6,A,2021-12-26,2022-01-10
2022-01-04,SN5,A,2021-12-26,2022-01-10
2022-01-04,SN6,A,2021-12-26,2022-01-10
2022-01-05,SN5,A,2021-12-26,2022-01-10
2022-01-05,SN6,A,2021-12-26,2022-01-10
2022-01-06,SN5,A,2021-12-26,2022-01-10
2022-01-06,SN6,A,2021-12-26,2022-01-10
2022-01-07,SN5,A,2021-12-26,2022-01-10
2022-01-07,SN6,A,2021-12-26,2022-01-10
2022-01-08,SN5,A,2021-12-26,2022-01-10
2022-01-08,SN6,A,2021-12-26,2022-01-10
2022-01-09,SN5,A,2021-12-26,2022-01-10
2022-01-09,SN6,A,2021-12-26,2022-01-10
2022-01-10,SN5,A,2021-12-26,2022-01-10
2022-01-10,SN5,B,2022-01-10,2022-01-15
2022-01-10,SN6,A,2021-12-26,2022-01-10
2022-01-10,SN6,B,2022-01-10,2022-01-15
2022-01-11,SN5,B,2022-01-10,2022-01-15
2022-01-11,SN6,B,2022-01-10,2022-01-15
2022-01-12,SN5,B,2022-01-10,2022-01-15
2022-01-12,SN6,B,2022-01-10,2022-01-15
2022-01-13,SN5,B,2022-01-10,2022-01-15
2022-01-13,SN6,B,2022-01-10,2022-01-15
2022-01-14,SN5,B,2022-01-10,2022-01-15
2022-01-14,SN6,B,2022-01-10,2022-01-15
2022-01-15,SN5,B,2022-01-10,2022-01-15
2022-01-15,SN5,C,2022-01-15,2022-01-16
2022-01-15,SN6,B,2022-01-10,2022-01-15
2022-01-15,SN6,C,2022-01-15,2022-01-16
2022-01-16,SN5,C,2022-01-15,2022-01-16
2022-01-16,SN6,C,2022-01-15,2022-01-16
2022-01-26,SN5,D,2022-01-26,2022-01-28
2022-01-26,SN6,D,2022-01-26,2022-01-28
2022-01-27,SN5,D,2022-01-26,2022-01-28
2022-01-27,SN6,D,2022-01-26,2022-01-28
2022-01-28,SN5,D,2022-01-26,2022-01-28
2022-01-28,SN5,E,2022-01-28,2022-02-12
2022-01-28,SN6,D,2022-01-26,2022-01-28
2022-01-28,SN6,E,2022-01-28,2022-02-12
2022-01-29,SN5,E,2022-01-28,2022-02-12
2022-01-29,SN6,E,2022-01-28,2022-02-12
2022-01-30,SN5,E,2022-01-28,2022-02-12
2022-01-30,SN6,E,2022-01-28,2022-02-12
2022-01-31,SN5,E,2022-01-28,2022-02-12
2022-01-31,SN6,E,2022-01-28,2022-02-12
2022-02-01,SN5,E,2022-01-28,2022-02-12
2022-02-01,SN6,E,2022-01-28,2022-02-12
2022-02-02,SN5,E,2022-01-28,2022-02-12
2022-02-02,SN6,E,2022-01-28,2022-02-12
2022-02-03,SN5,E,2022-01-28,2022-02-12
2022-02-03,SN6,E,2022-01-28,2022-02-12
2022-02-04,SN5,E,2022-01-28,2022-02-12
2022-02-04,SN6,E,2022-01-28,2022-02-12
2022-02-05,SN5,E,2022-01-28,2022-02-12
2022-02-05,SN6,E,2022-01-28,2022-02-12
2022-02-06,SN5,E,2022-01-28,2022-02-12
2022-02-06,SN6,E,2022-01-28,2022-02-12
2022-02-07,SN5,E,2022-01-28,2022-02-12
2022-02-07,SN6,E,2022-01-28,2022-02-12
2022-02-08,SN5,E,2022-01-28,2022-02-12
2022-02-08,SN6,E,2022-01-28,2022-02-12
2022-02-09,SN5,E,2022-01-28,2022-02-12
2022-02-09,SN6,E,2022-01-28,2022-02-12
2022-02-10,SN5,E,2022-01-28,2022-02-12
2022-02-10,SN6,E,2022-01-28,2022-02-12
2022-02-11,SN5,E,2022-01-28,2022-02-12
2022-02-11,SN6,E,2022-01-28,2022-02-12
2022-02-12,SN5,E,2022-01-28,2022-02-12
2022-02-12,SN5,D,2022-02-12,2022-02-14
2022-02-12,SN6,E,2022-01-28,2022-02-12
2022-02-12,SN6,D,2022-02-12,2022-02-14
2022-02-13,SN5,D,2022-02-12,2022-02-14
2022-02-13,SN6,D,2022-02-12,2022-02-14
2022-02-14,SN5,D,2022-02-12,2022-02-14
2022-02-14,SN6,D,2022-02-12,2022-02-14
2022-02-27,SN5,C,2022-02-27,2022-02-28
2022-02-27,SN6,C,2022-02-27,2022-02-28
2022-02-28,SN5,C,2022-02-27,2022-02-28
2022-02-28,SN5,B,2022-02-28,2022-03-05
2022-02-28,SN6,C,2022-02-27,2022-02-28
2022-02-28,SN6,B,2022-02-28,2022-03-05
2022-03-01,SN5,B,2022-02-28,2022-03-05
2022-03-01,SN6,B,2022-02-28,2022-03-05
2022-03-02,SN5,B,2022-02-28,2022-03-05
2022-03-02,SN6,B,2022-02-28,2022-03-05
2022-03-03,SN5,B,2022-02-28,2022-03-05
2022-03-03,SN6,B,2022-02-28,2022-03-05
2022-03-04,SN5,B,2022-02-28,2022-03-05
2022-03-04,SN6,B,2022-02-28,2022-03-05
2022-03-05,SN5,B,2022-02-28,2022-03-05
2022-03-05,SN6,B,2022-02-28,2022-03-05
2022-05-19,SN1,A,2022-05-19,2022-06-03
2022-05-19,SN2,A,2022-05-19,2022-06-03
2022-05-19,SN4,A,2022-05-19,2022-06-03
2022-05-19,SN5,A,2022-05-19,2022-06-03
2022-05-20,SN1,A,2022-05-19,2022-06-03
2022-05-20,SN2,A,2022-05-19,2022-06-03
2022-05-20,SN4,A,2022-05-19,2022-06-03
2022-05-20,SN5,A,2022-05-19,2022-06-03
2022-05-21,SN1,A,2022-05-19,2022-06-03
2022-05-21,SN2,A,2022-05-19,2022-06-03
2022-05-21,SN4,A,2022-05-19,2022-06-03
2022-05-21,SN5,A,2022-05-19,2022-06-03
2022-05-22,SN1,A,2022-05-19,2022-06-03
2022-05-22,SN2,A,2022-05-19,2022-06-03
2022-05-22,SN4,A,2022-05-19,2022-06-03
2022-05-22,SN5,A,2022-05-19,2022-06-03
2022-05-23,SN1,A,2022-05-19,2022-06-03
2022-05-23,SN2,A,2022-05-19,2022-06-03
2022-05-23,SN4,A,2022-05-19,2022-06-03
2022-05-23,SN5,A,2022-05-19,2022-06-03
2022-05-24,SN1,A,2022-05-19,2022-06-03
2022-05-24,SN2,A,2022-05-19,2022-06-03
2022-05-24,SN4,A,2022-05-19,2022-06-03
2022-05-24,SN5,A,2022-05-19,2022-06-03
2022-05-25,SN1,A,2022-05-19,2022-06-03
2022-05-25,SN2,A,2022-05-19,2022-06-03
2022-05-25,SN4,A,2022-05-19,2022-06-03
2022-05-25,SN5,A,2022-05-19,2022-06-03
2022-05-26,SN1,A,2022-05-19,2022-06-03
2022-05-26,SN2,A,2022-05-19,2022-06-03
2022-05-26,SN4,A,2022-05-19,2022-06-03
2022-05-26,SN5,A,2022-05-19,2022-06-03
2022-05-27,SN1,A,2022-05-19,2022-06-03
2022-05-27,SN2,A,2022-05-19,2022-06-03
2022-05-27,SN4,A,2022-05-19,2022-06-03
2022-05-27,SN5,A,2022-05-19,2022-06-03
2022-05-28,SN1,A,2022-05-19,2022-06-03
2022-05-28,SN2,A,2022-05-19,2022-06-03
2022-05-28,SN4,A,2022-05-19,2022-06-03
2022-05-28,SN5,A,2022-05-19,2022-06-03
2022-05-29,SN1,A,2022-05-19,2022-06-03
2022-05-29,SN2,A,2022-05-19,2022-06-03
2022-05-29,SN4,A,2022-05-19,2022-06-03
2022-05-29,SN5,A,2022-05-19,2022-06-03
2022-05-30,SN1,A,2022-05-19,2022-06-03
2022-05-30,SN2,A,2022-05-19,2022-06-03
2022-05-30,SN4,A,2022-05-19,2022-06-03
2022-05-30,SN5,A,2022-05-19,2022-06-03
2022-05-31,SN1,A,2022-05-19,2022-06-03
2022-05-31,SN2,A,2022-05-19,2022-06-03
2022-05-31,SN4,A,2022-05-19,2022-06-03
2022-05-31,SN5,A,2022-05-19,2022-06-03
2022-06-01,SN1,A,2022-05-19,2022-06-03
2022-06-01,SN2,A,2022-05-19,2022-06-03
2022-06-01,SN4,A,2022-05-19,2022-06-03
2022-06-01,SN5,A,2022-05-19,2022-06-03
2022-06-02,SN1,A,2022-05-19,2022-06-03
2022-06-02,SN2,A,2022-05-19,2022-06-03
2022-06-02,SN4,A,2022-05-19,2022-06-03
2022-06-02,SN5,A,2022-05-19,2022-06-03
2022-06-03,SN1,A,2022-05-19,2022-06-03
2022-06-03,SN1,B,2022-06-03,2022-06-08
2022-06-03,SN2,A,2022-05-19,2022-06-03
2022-06-03,SN2,B,2022-06-03,2022-06-08
2022-06-03,SN4,A,2022-05-19,2022-06-03
2022-06-03,SN4,B,2022-06-03,2022-06-08
2022-06-03,SN5,A,2022-05-19,2022-06-03
2022-06-03,SN5,B,2022-06-03,2022-06-08
2022-06-04,SN1,B,2022-06-03,2022-06-08
2022-06-04,SN2,B,2022-06-03,2022-06-08
2022-06-04,SN4,B,2022-06-03,2022-06-08
2022-06-04,SN5,B,2022-06-03,2022-06-08
2022-06-05,SN1,B,2022-06-03,2022-06-08
2022-06-05,SN2,B,2022-06-03,2022-06-08
2022-06-05,SN4,B,2022-06-03,2022-06-08
2022-06-05,SN5,B,2022-06-03,2022-06-08
2022-06-06,SN1,B,2022-06-03,2022-06-08
2022-06-06,SN2,B,2022-06-03,2022-06-08
2022-06-06,SN4,B,2022-06-03,2022-06-08
2022-06-06,SN5,B,2022-06-03,2022-06-08
2022-06-07,SN1,B,2022-06-03,2022-06-08
2022-06-07,SN2,B,2022-06-03,2022-06-08
2022-06-07,SN4,B,2022-06-03,2022-06-08
2022-06-07,SN5,B,2022-06-03,2022-06-08
2022-06-08,SN1,B,2022-06-03,2022-06-08
2022-06-08,SN1,C,2022-06-08,2022-06-09
2022-06-08,SN2,B,2022-06-03,2022-06-08
2022-06-08,SN2,C,2022-06-08,2022-06-09
2022-06-08,SN4,B,2022-06-03,2022-06-08
2022-06-08,SN4,C,2022-06-08,2022-06-09
2022-06-08,SN5,B,2022-06-03,2022-06-08
2022-06-08,SN5,C,2022-06-08,2022-06-09
2022-06-09,SN1,C,2022-06-08,2022-06-09
2022-06-09,SN2,C,2022-06-08,2022-06-09
2022-06-09,SN4,C,2022-06-08,2022-06-09
2022-06-09,SN5,C,2022-06-08,2022-06-09
2022-06-19,SN1,D,2022-06-19,2022-06-21
2022-06-19,SN2,D,2022-06-19,2022-06-21
2022-06-19,SN4,D,2022-06-19,2022-06-21
2022-06-19,SN5,D,2022-06-19,2022-06-21
2022-06-20,SN1,D,2022-06-19,2022-06-21
2022-06-20,SN2,D,2022-06-19,2022-06-21
2022-06-20,SN4,D,2022-06-19,2022-06-21
2022-06-20,SN5,D,2022-06-19,2022-06-21
2022-06-21,SN1,D,2022-06-19,2022-06-21
2022-06-21,SN1,E,2022-06-21,2022-07-06
2022-06-21,SN2,D,2022-06-19,2022-06-21
2022-06-21,SN2,E,2022-06-21,2022-07-06
2022-06-21,SN4,D,2022-06-19,2022-06-21
2022-06-21,SN4,E,2022-06-21,2022-07-06
2022-06-21,SN5,D,2022-06-19,2022-06-21
2022-06-21,SN5,E,2022-06-21,2022-07-06
2022-06-22,SN1,E,2022-06-21,2022-07-06
2022-06-22,SN2,E,2022-06-21,2022-07-06
2022-06-22,SN4,E,2022-06-21,2022-07-06
2022-06-22,SN5,E,2022-06-21,2022-07-06
2022-06-23,SN1,E,2022-06-21,2022-07-06
2022-06-23,SN2,E,2022-06-21,2022-07-06
2022-06-23,SN4,E,2022-06-21,2022-07-06
2022-06-23,SN5,E,2022-06-21,2022-07-06
2022-06-24,SN1,E,2022-06-21,2022-07-06
2022-06-24,SN2,E,2022-06-21,2022-07-06
2022-06-24,SN4,E,2022-06-21,2022-07-06
2022-06-24,SN5,E,2022-06-21,2022-07-06
2022-06-25,SN1,E,2022-06-21,2022-07-06
2022-06-25,SN2,E,2022-06-21,2022-07-06
2022-06-25,SN4,E,2022-06-21,2022-07-06
2022-06-25,SN5,E,2022-06-21,2022-07-06
2022-06-26,SN1,E,2022-06-21,2022-07-06
2022-06-26,SN2,E,2022-06-21,2022-07-06
2022-06-26,SN4,E,2022-06-21,2022-07-06
2022-06-26,SN5,E,2022-06-21,2022-07-06
2022-06-27,SN1,E,2022-06-21,2022-07-06
2022-06-27,SN2,E,2022-06-21,2022-07-06
2022-06-27,SN4,E,2022-06-21,2022-07-06
2022-06-27,SN5,E,2022-06-21,2022-07-06
2022-06-28,SN1,E,2022-06-21,2022-07-06
2022-06-28,SN2,E,2022-06-21,2022-07-06
2022-06-28,SN4,E,2022-06-21,2022-07-06
2022-06-28,SN5,E,2022-06-21,2022-07-06
2022-06-29,SN1,E,2022-06-21,2022-07-06
2022-06-29,SN2,E,2022-06-21,2022-07-06
2022-06-29,SN4,E,2022-06-21,2022-07-06
2022-06-29,SN5,E,2022-06-21,2022-07-06
2022-06-30,SN1,E,2022-06-21,2022-07-06
2022-06-30,SN2,E,2022-06-21,2022-07-06
2022-06-30,SN4,E,2022-06-21,2022-07-06
2022-06-30,SN5,E,2022-06-21,2022-07-06
2022-07-01,SN1,E,2022-06-21,2022-07-06
2022-07-01,SN2,E,2022-06-21,2022-07-06
2022-07-01,SN4,E,2022-06-21,2022-07-06
2022-07-01,SN5,E,2022-06-21,2022-07-06
2022-07-02,SN1,E,2022-06-21,2022-07-06
2022-07-02,SN2,E,2022-06-21,2022-07-06
2022-07-02,SN4,E,2022-06-21,2022-07-06
2022-07-02,SN5,E,2022-06-21,2022-07-06
2022-07-03,SN1,E,2022-06-21,2022-07-06
2022-07-03,SN2,E,2022-06-21,2022-07-06
2022-07-03,SN4,E,2022-06-21,2022-07-06
2022-07-03,SN5,E,2022-06-21,2022-07-06
2022-07-04,SN1,E,2022-06-21,2022-07-06
2022-07-04,SN2,E,2022-06-21,2022-07-06
2022-07-04,SN4,E,2022-06-21,2022-07-06
2022-07-04,SN5,E,2022-06-21,2022-07-06
2022-07-05,SN1,E,2022-06-21,2022-07-06
2022-07-05,SN2,E,2022-06-21,2022-07-06
2022-07-05,SN4,E,2022-06-21,2022-07-06
2022-07-05,SN5,E,2022-06-21,2022-07-06
2022-07-06,SN1,E,2022-06-21,2022-07-06
2022-07-06,SN1,D,2022-07-06,2022-07-08
2022-07-06,SN2,E,2022-06-21,2022-07-06
2022-07-06,SN2,D,2022-07-06,2022-07-08
2022-07-06,SN4,E,2022-06-21,2022-07-06
2022-07-06,SN4,D,2022-07-06,2022-07-08
2022-07-06,SN5,E,2022-06-21,2022-07-06
2022-07-06,SN5,D,2022-07-06,2022-07-08
2022-07-07,SN1,D,2022-07-06,2022-07-08
2022-07-07,SN2,D,2022-07-06,2022-07-08
2022-07-07,SN4,D,2022-07-06,2022-07-08
2022-07-07,SN5,D,2022-07-06,2022-07-08
2022-07-08,SN1,D,2022-07-06,2022-07-08
2022-07-08,SN2,D,2022-07-06,2022-07-08
2022-07-08,SN4,D,2022-07-06,2022-07-08
2022-07-08,SN5,D,2022-07-06,2022-07-08
2022-07-22,SN1,C,2022-07-22,2022-07-23
2022-07-22,SN2,C,2022-07-22,2022-07-23
2022-07-22,SN4,C,2022-07-22,2022-07-23
2022-07-22,SN5,C,2022-07-22,2022-07-23
2022-07-23,SN1,C,2022-07-22,2022-07-23
2022-07-23,SN1,B,2022-07-23,2022-07-28
2022-07-23,SN2,C,2022-07-22,2022-07-23
2022-07-23,SN2,B,2022-07-23,2022-07-28
2022-07-23,SN4,C,2022-07-22,2022-07-23
2022-07-23,SN4,B,2022-07-23,2022-07-28
2022-07-23,SN5,C,2022-07-22,2022-07-23
2022-07-23,SN5,B,2022-07-23,2022-07-28
2022-07-24,SN1,B,2022-07-23,2022-07-28
2022-07-24,SN2,B,2022-07-23,2022-07-28
2022-07-24,SN4,B,2022-07-23,2022-07-28
2022-07-24,SN5,B,2022-07-23,2022-07-28
2022-07-25,SN1,B,2022-07-23,2022-07-28
2022-07-25,SN2,B,2022-07-23,2022-07-28
2022-07-25,SN4,B,2022-07-23,2022-07-28
2022-07-25,SN5,B,2022-07-23,2022-07-28
2022-07-26,SN1,B,2022-07-23,2022-07-28
2022-07-26,SN2,B,2022-07-23,2022-07-28
2022-07-26,SN4,B,2022-07-23,2022-07-28
2022-07-26,SN5,B,2022-07-23,2022-07-28
2022-07-27,SN1,B,2022-07-23,2022-07-28
2022-07-27,SN2,B,2022-07-23,2022-07-28
2022-07-27,SN4,B,2022-07-23,2022-07-28
2022-07-27,SN5,B,2022-07-23,2022-07-28
2022-07-28,SN1,B,2022-07-23,2022-07-28
2022-07-28,SN2,B,2022-07-23,2022-07-28
2022-07-28,SN4,B,2022-07-23,2022-07-28
2022-07-28,SN5,B,2022-07-23,2022-07-28
2022-09-24,SN1,A,2022-09-24,2022-10-09
2022-09-24,SN3,A,2022-09-24,2022-10-09
2022-09-24,SN6,A,2022-09-24,2022-10-09
2022-09-24,SN8,A,2022-09-24,2022-10-09
2022-09-25,SN1,A,2022-09-24,2022-10-09
2022-09-25,SN3,A,2022-09-24,2022-10-09
2022-09-25,SN6,A,2022-09-24,2022-10-09
2022-09-25,SN8,A,2022-09-24,2022-10-09
2022-09-26,SN1,A,2022-09-24,2022-10-09
2022-09-26,SN3,A,2022-09-24,2022-10-09
2022-09-26,SN6,A,2022-09-24,2022-10-09
2022-09-26,SN8,A,2022-09-24,2022-10-09
2022-09-27,SN1,A,2022-09-24,2022-10-09
2022-09-27,SN3,A,2022-09-24,2022-10-09
2022-09-27,SN6,A,2022-09-24,2022-10-09
2022-09-27,SN8,A,2022-09-24,2022-10-09
2022-09-28,SN1,A,2022-09-24,2022-10-09
2022-09-28,SN3,A,2022-09-24,2022-10-09
2022-09-28,SN6,A,2022-09-24,2022-10-09
2022-09-28,SN8,A,2022-09-24,2022-10-09
2022-09-29,SN1,A,2022-09-24,2022-10-09
2022-09-29,SN3,A,2022-09-24,2022-10-09
2022-09-29,SN6,A,2022-09-24,2022-10-09
2022-09-29,SN8,A,2022-09-24,2022-10-09
2022-09-30,SN1,A,2022-09-24,2022-10-09
2022-09-30,SN3,A,2022-09-24,2022-10-09
2022-09-30,SN6,A,2022-09-24,2022-10-09
2022-09-30,SN8,A,2022-09-24,2022-10-09
2022-10-01,SN1,A,2022-09-24,2022-10-09
2022-10-01,SN3,A,2022-09-24,2022-10-09
2022-10-01,SN6,A,2022-09-24,2022-10-09
2022-10-01,SN8,A,2022-09-24,2022-10-09
2022-10-02,SN1,A,2022-09-24,2022-10-09
2022-10-02,SN3,A,2022-09-24,2022-10-09
2022-10-02,SN6,A,2022-09-24,2022-10-09
2022-10-02,SN8,A,2022-09-24,2022-10-09
2022-10-03,SN1,A,2022-09-24,2022-10-09
2022-10-03,SN3,A,2022-09-24,2022-10-09
2022-10-03,SN6,A,2022-09-24,2022-10-09
2022-10-03,SN8,A,2022-09-24,2022-10-09
2022-10-04,SN1,A,2022-09-24,2022-10-09
2022-10-04,SN3,A,2022-09-24,2022-10-09
2022-10-04,SN6,A,2022-09-24,2022-10-09
2022-10-04,SN8,A,2022-09-24,2022-10-09
2022-10-05,SN1,A,2022-09-24,2022-10-09
2022-10-05,SN3,A,2022-09-24,2022-10-09
2022-10-05,SN6,A,2022-09-24,2022-10-09
2022-10-05,SN8,A,2022-09-24,2022-10-09
2022-10-06,SN1,A,2022-09-24,2022-10-09
2022-10-06,SN3,A,2022-09-24,2022-10-09
2022-10-06,SN6,A,2022-09-24,2022-10-09
2022-10-06,SN8,A,2022-09-24,2022-10-09
2022-10-07,SN1,A,2022-09-24,2022-10-09
2022-10-07,SN3,A,2022-09-24,2022-10-09
2022-10-07,SN6,A,2022-09-24,2022-10-09
2022-10-07,SN8,A,2022-09-24,2022-10-09
2022-10-08,SN1,A,2022-09-24,2022-10-09
2022-10-08,SN3,A,2022-09-24,2022-10-09
2022-10-08,SN6,A,2022-09-24,2022-10-09
2022-10-08,SN8,A,2022-09-24,2022-10-09
2022-10-09,SN1,A,2022-09-24,2022-10-09
2022-10-09,SN1,B,2022-10-09,2022-10-14
2022-10-09,SN3,A,2022-09-24,2022-10-09
2022-10-09,SN3,B,2022-10-09,2022-10-14
2022-10-09,SN6,A,2022-09-24,2022-10-09
2022-10-09,SN6,B,2022-10-09,2022-10-14
2022-10-09,SN8,A,2022-09-24,2022-10-09
2022-10-09,SN8,B,2022-10-09,2022-10-14
2022-10-10,SN1,B,2022-10-09,2022-10-14
2022-10-10,SN3,B,2022-10-09,2022-10-14
2022-10-10,SN6,B,2022-10-09,2022-10-14
2022-10-10,SN8,B,2022-10-09,2022-10-14
2022-10-11,SN1,B,2022-10-09,2022-10-14
2022-10-11,SN3,B,2022-10-09,2022-10-14
2022-10-11,SN6,B,2022-10-09,2022-10-14
2022-10-11,SN8,B,2022-10-09,2022-10-14
2022-10-12,SN1,B,2022-10-09,2022-10-14
2022-10-12,SN3,B,2022-10-09,2022-10-14
2022-10-12,SN6,B,2022-10-09,2022-10-14
2022-10-12,SN8,B,2022-10-09,2022-10-14
2022-10-13,SN1,B,2022-10-09,2022-10-14
2022-10-13,SN3,B,2022-10-09,2022-10-14
2022-10-13,SN6,B,2022-10-09,2022-10-14
2022-10-13,SN8,B,2022-10-09,2022-10-14
2022-10-14,SN1,B,2022-10-09,2022-10-14
2022-10-14,SN1,C,2022-10-14,2022-10-15
2022-10-14,SN3,B,2022-10-09,2022-10-14
2022-10-14,SN3,C,2022-10-14,2022-10-15
2022-10-14,SN6,B,2022-10-09,2022-10-14
2022-10-14,SN6,C,2022-10-14,2022-10-15
2022-10-14,SN8,B,2022-10-09,2022-10-14
2022-10-14,SN8,C,2022-10-14,2022-10-15
2022-10-15,SN1,C,2022-10-14,2022-10-15
2022-10-15,SN3,C,2022-10-14,2022-10-15
2022-10-15,SN6,C,2022-10-14,2022-10-15
2022-10-15,SN8,C,2022-10-14,2022-10-15
2022-10-18,SN4,A,2022-10-18,2022-11-02
2022-10-18,SN7,A,2022-10-18,2022-11-02
2022-10-19,SN4,A,2022-10-18,2022-11-02
2022-10-19,SN7,A,2022-10-18,2022-11-02
2022-10-20,SN4,A,2022-10-18,2022-11-02
2022-10-20,SN7,A,2022-10-18,2022-11-02
2022-10-21,SN4,A,2022-10-18,2022-11-02
2022-10-21,SN7,A,2022-10-18,2022-11-02
2022-10-22,SN4,A,2022-10-18,2022-11-02
2022-10-22,SN7,A,2022-10-18,2022-11-02
2022-10-23,SN4,A,2022-10-18,2022-11-02
2022-10-23,SN7,A,2022-10-18,2022-11-02
2022-10-24,SN4,A,2022-10-18,2022-11-02
2022-10-24,SN7,A,2022-10-18,2022-11-02
2022-10-25,SN4,A,2022-10-18,2022-11-02
2022-10-25,SN7,A,2022-10-18,2022-11-02
2022-10-26,SN4,A,2022-10-18,2022-11-02
2022-10-26,SN7,A,2022-10-18,2022-11-02
2022-10-27,SN1,D,2022-10-27,2022-10-29
2022-10-27,SN3,D,2022-10-27,2022-10-29
2022-10-27,SN4,A,2022-10-18,2022-11-02
2022-10-27,SN6,D,2022-10-27,2022-10-29
2022-10-27,SN7,A,2022-10-18,2022-11-02
2022-10-27,SN8,D,2022-10-27,2022-10-29
2022-10-28,SN1,D,2022-10-27,2022-10-29
2022-10-28,SN3,D,2022-10-27,2022-10-29
2022-10-28,SN4,A,2022-10-18,2022-11-02
2022-10-28,SN6,D,2022-10-27,2022-10-29
2022-10-28,SN7,A,2022-10-18,2022-11-02
2022-10-28,SN8,D,2022-10-27,2022-10-29
2022-10-29,SN1,D,2022-10-27,2022-10-29
2022-10-29,SN1,E,2022-10-29,2022-11-13
2022-10-29,SN3,D,2022-10-27,2022-10-29
2022-10-29,SN3,E,2022-10-29,2022-11-13
2022-10-29,SN4,A,2022-10-18,2022-11-02
2022-10-29,SN6,D,2022-10-27,2022-10-29
2022-10-29,SN6,E,2022-10-29,2022-11-13
2022-10-29,SN7,A,2022-10-18,2022-11-02
2022-10-29,SN8,D,2022-10-27,2022-10-29
2022-10-29,SN8,E,2022-10-29,2022-11-13
2022-10-30,SN1,E,2022-10-29,2022-11-13
2022-10-30,SN3,E,2022-10-29,2022-11-13
2022-10-30,SN4,A,2022-10-18,2022-11-02
2022-10-30,SN6,E,2022-10-29,2022-11-13
2022-10-30,SN7,A,2022-10-18,2022-11-02
2022-10-30,SN8,E,2022-10-29,2022-11-13
2022-10-31,SN1,E,2022-10-29,2022-11-13
2022-10-31,SN3,E,2022-10-29,2022-11-13
2022-10-31,SN4,A,2022-10-18,2022-11-02
2022-10-31,SN6,E,2022-10-29,2022-11-13
2022-10-31,SN7,A,2022-10-18,2022-11-02
2022-10-31,SN8,E,2022-10-29,2022-11-13
2022-11-01,SN1,E,2022-10-29,2022-11-13
2022-11-01,SN3,E,2022-10-29,2022-11-13
2022-11-01,SN4,A,2022-10-18,2022-11-02
2022-11-01,SN6,E,2022-10-29,2022-11-13
2022-11-01,SN7,A,2022-10-18,2022-11-02
2022-11-01,SN8,E,2022-10-29,2022-11-13
2022-11-02,SN1,E,2022-10-29,2022-11-13
2022-11-02,SN3,E,2022-10-29,2022-11-13
2022-11-02,SN4,A,2022-10-18,2022-11-02
2022-11-02,SN4,B,2022-11-02,2022-11-07
2022-11-02,SN6,E,2022-10-29,2022-11-13
2022-11-02,SN7,A,2022-10-18,2022-11-02
2022-11-02,SN7,B,2022-11-02,2022-11-07
2022-11-02,SN8,E,2022-10-29,2022-11-13
2022-11-03,SN1,E,2022-10-29,2022-11-13
2022-11-03,SN3,E,2022-10-29,2022-11-13
2022-11-03,SN4,B,2022-11-02,2022-11-07
2022-11-03,SN6,E,2022-10-29,2022-11-13
2022-11-03,SN7,B,2022-11-02,2022-11-07
2022-11-03,SN8,E,2022-10-29,2022-11-13
2022-11-04,SN1,E,2022-10-29,2022-11-13
2022-11-04,SN3,E,2022-10-29,2022-11-13
2022-11-04,SN4,B,2022-11-02,2022-11-07
2022-11-04,SN6,E,2022-10-29,2022-11-13
2022-11-04,SN7,B,2022-11-02,2022-11-07
2022-11-04,SN8,E,2022-10-29,2022-11-13
2022-11-05,SN1,E,2022-10-29,2022-11-13
2022-11-05,SN3,E,2022-10-29,2022-11-13
2022-11-05,SN4,B,2022-11-02,2022-11-07
2022-11-05,SN6,E,2022-10-29,2022-11-13
2022-11-05,SN7,B,2022-11-02,2022-11-07
2022-11-05,SN8,E,2022-10-29,2022-11-13
2022-11-06,SN1,E,2022-10-29,2022-11-13
2022-11-06,SN3,E,2022-10-29,2022-11-13
2022-11-06,SN4,B,2022-11-02,2022-11-07
2022-11-06,SN6,E,2022-10-29,2022-11-13
2022-11-06,SN7,B,2022-11-02,2022-11-07
2022-11-06,SN8,E,2022-10-29,2022-11-13
2022-11-07,SN1,E,2022-10-29,2022-11-13
2022-11-07,SN3,E,2022-10-29,2022-11-13
2022-11-07,SN4,B,2022-11-02,2022-11-07
2022-11-07,SN6,E,2022-10-29,2022-11-13
2022-11-07,SN7,B,2022-11-02,2022-11-07
2022-11-07,SN8,E,2022-10-29,2022-11-13
2022-11-08,SN1,E,2022-10-29,2022-11-13
2022-11-08,SN3,E,2022-10-29,2022-11-13
2022-11-08,SN6,E,2022-10-29,2022-11-13
2022-11-08,SN8,E,2022-10-29,2022-11-13
2022-11-09,SN1,E,2022-10-29,2022-11-13
2022-11-09,SN3,E,2022-10-29,2022-11-13
2022-11-09,SN6,E,2022-10-29,2022-11-13
2022-11-09,SN8,E,2022-10-29,2022-11-13
2022-11-10,SN1,E,2022-10-29,2022-11-13
2022-11-10,SN3,E,2022-10-29,2022-11-13
2022-11-10,SN6,E,2022-10-29,2022-11-13
2022-11-10,SN8,E,2022-10-29,2022-11-13
2022-11-11,SN1,E,2022-10-29,2022-11-13
2022-11-11,SN3,E,2022-10-29,2022-11-13
2022-11-11,SN6,E,2022-10-29,2022-11-13
2022-11-11,SN8,E,2022-10-29,2022-11-13
2022-11-12,SN1,E,2022-10-29,2022-11-13
2022-11-12,SN3,E,2022-10-29,2022-11-13
2022-11-12,SN6,E,2022-10-29,2022-11-13
2022-11-12,SN8,E,2022-10-29,2022-11-13
2022-11-13,SN1,E,2022-10-29,2022-11-13
2022-11-13,SN1,D,2022-11-13,2022-11-15
2022-11-13,SN3,E,2022-10-29,2022-11-13
2022-11-13,SN3,D,2022-11-13,2022-11-15
2022-11-13,SN6,E,2022-10-29,2022-11-13
2022-11-13,SN6,D,2022-11-13,2022-11-15
2022-11-13,SN8,E,2022-10-29,2022-11-13
2022-11-13,SN8,D,2022-11-13,2022-11-15
2022-11-14,SN1,D,2022-11-13,2022-11-15
2022-11-14,SN3,D,2022-11-13,2022-11-15
2022-11-14,SN6,D,2022-11-13,2022-11-15
2022-11-14,SN8,D,2022-11-13,2022-11-15
2022-11-15,SN1,D,2022-11-13,2022-11-15
2022-11-15,SN3,D,2022-11-13,2022-11-15
2022-11-15,SN6,D,2022-11-13,2022-11-15
2022-11-15,SN8,D,2022-11-13,2022-11-15
2022-11-27,SN1,C,2022-11-27,2022-11-28
2022-11-27,SN3,C,2022-11-27,2022-11-28
2022-11-27,SN6,C,2022-11-27,2022-11-28
2022-11-27,SN8,C,2022-11-27,2022-11-28
2022-11-28,SN1,C,2022-11-27,2022-11-28
2022-11-28,SN1,B,2022-11-28,2022-12-03
2022-11-28,SN3,C,2022-11-27,2022-11-28
2022-11-28,SN3,B,2022-11-28,2022-12-03
2022-11-28,SN4,C,2022-11-28,2022-11-29
2022-11-28,SN6,C,2022-11-27,2022-11-28
2022-11-28,SN6,B,2022-11-28,2022-12-03
2022-11-28,SN7,C,2022-11-28,2022-11-29
2022-11-28,SN8,C,2022-11-27,2022-11-28
2022-11-28,SN8,B,2022-11-28,2022-12-03
2022-11-29,SN1,B,2022-11-28,2022-12-03
2022-11-29,SN3,B,2022-11-28,2022-12-03
2022-11-29,SN4,C,2022-11-28,2022-11-29
2022-11-29,SN6,B,2022-11-28,2022-12-03
2022-11-29,SN7,C,2022-11-28,2022-11-29
2022-11-29,SN8,B,2022-11-28,2022-12-03
2022-11-30,SN1,B,2022-11-28,2022-12-03
2022-11-30,SN3,B,2022-11-28,2022-12-03
2022-11-30,SN6,B,2022-11-28,2022-12-03
2022-11-30,SN8,B,2022-11-28,2022-12-03
2022-12-01,SN1,B,2022-11-28,2022-12-03
2022-12-01,SN3,B,2022-11-28,2022-12-03
2022-12-01,SN6,B,2022-11-28,2022-12-03
2022-12-01,SN8,B,2022-11-28,2022-12-03
2022-12-02,SN1,B,2022-11-28,2022-12-03
2022-12-02,SN3,B,2022-11-28,2022-12-03
2022-12-02,SN6,B,2022-11-28,2022-12-03
2022-12-02,SN8,B,2022-11-28,2022-12-03
2022-12-03,SN1,B,2022-11-28,2022-12-03
2022-12-03,SN3,B,2022-11-28,2022-12-03
2022-12-03,SN6,B,2022-11-28,2022-12-03
2022-12-03,SN8,B,2022-11-28,2022-12-03
2022-12-09,SN4,D,2022-12-09,2022-12-11
2022-12-09,SN7,D,2022-12-09,2022-12-11
2022-12-10,SN4,D,2022-12-09,2022-12-11
2022-12-10,SN7,D,2022-12-09,2022-12-11
2022-12-11,SN4,D,2022-12-09,2022-12-11
2022-12-11,SN4,E,2022-12-11,2022-12-26
2022-12-11,SN7,D,2022-12-09,2022-12-11
2022-12-11,SN7,E,2022-12-11,2022-12-26
2022-12-12,SN4,E,2022-12-11,2022-12-26
2022-12-12,SN7,E,2022-12-11,2022-12-26
2022-12-13,SN4,E,2022-12-11,2022-12-26
2022-12-13,SN7,E,2022-12-11,2022-12-26
2022-12-14,SN4,E,2022-12-11,2022-12-26
2022-12-14,SN7,E,2022-12-11,2022-12-26
2022-12-15,SN4,E,2022-12-11,2022-12-26
2022-12-15,SN7,E,2022-12-11,2022-12-26
2022-12-16,SN4,E,2022-12-11,2022-12-26
2022-12-16,SN7,E,2022-12-11,2022-12-26
2022-12-17,SN4,E,2022-12-11,2022-12-26
2022-12-17,SN7,E,2022-12-11,2022-12-26
2022-12-18,SN4,E,2022-12-11,2022-12-26
2022-12-18,SN7,E,2022-12-11,2022-12-26
2022-12-19,SN4,E,2022-12-11,2022-12-26
2022-12-19,SN7,E,2022-12-11,2022-12-26
2022-12-20,SN4,E,2022-12-11,2022-12-26
2022-12-20,SN7,E,2022-12-11,2022-12-26
2022-12-21,SN4,E,2022-12-11,2022-12-26
2022-12-21,SN7,E,2022-12-11,2022-12-26
2022-12-22,SN4,E,2022-12-11,2022-12-26
2022-12-22,SN7,E,2022-12-11,2022-12-26
2022-12-23,SN4,E,2022-12-11,2022-12-26
2022-12-23,SN7,E,2022-12-11,2022-12-26
2022-12-24,SN4,E,2022-12-11,2022-12-26
2022-12-24,SN7,E,2022-12-11,2022-12-26
2022-12-25,SN4,E,2022-12-11,2022-12-26
2022-12-25,SN7,E,2022-12-11,2022-12-26
2022-12-26,SN4,E,2022-12-11,2022-12-26
2022-12-26,SN4,D,2022-12-26,2022-12-28
2022-12-26,SN7,E,2022-12-11,2022-12-26
2022-12-26,SN7,D,2022-12-26,2022-12-28
2022-12-27,SN4,D,2022-12-26,2022-12-28
2022-12-27,SN7,D,2022-12-26,2022-12-28
2022-12-28,SN4,D,2022-12-26,2022-12-28
2022-12-28,SN7,D,2022-12-26,2022-12-28
2023-01-10,SN4,C,2023-01-10,2023-01-11
2023-01-10,SN7,C,2023-01-10,2023-01-11
2023-01-11,SN4,C,2023-01-10,2023-01-11
2023-01-11,SN4,B,2023-01-11,2023-01-16
2023-01-11,SN7,C,2023-01-10,2023-01-11
2023-01-11,SN7,B,2023-01-11,2023-01-16
2023-01-12,SN4,B,2023-01-11,2023-01-16
2023-01-12,SN7,B,2023-01-11,2023-01-16
2023-01-13,SN4,B,2023-01-11,2023-01-16
2023-01-13,SN7,B,2023-01-11,2023-01-16
2023-01-14,SN4,B,2023-01-11,2023-01-16
2023-01-14,SN7,B,2023-01-11,2023-01-16
2023-01-15,SN4,B,2023-01-11,2023-01-16
2023-01-15,SN7,B,2023-01-11,2023-01-16
2023-01-16,SN4,B,2023-01-11,2023-01-16
2023-01-16,SN7,B,2023-01-11,2023-01-16
2023-01-24,SN7,A,2023-01-24,2023-02-08
2023-01-24,SN8,A,2023-01-24,2023-02-08
2023-01-25,SN7,A,2023-01-24,2023-02-08
2023-01-25,SN8,A,2023-01-24,2023-02-08
2023-01-26,SN7,A,2023-01-24,2023-02-08
2023-01-26,SN8,A,2023-01-24,2023-02-08
2023-01-27,SN7,A,2023-01-24,2023-02-08
2023-01-27,SN8,A,2023-01-24,2023-02-08
2023-01-28,SN7,A,2023-01-24,2023-02-08
2023-01-28,SN8,A,2023-01-24,2023-02-08
2023-01-29,SN7,A,2023-01-24,2023-02-08
2023-01-29,SN8,A,2023-01-24,2023-02-08
2023-01-30,SN7,A,2023-01-24,2023-02-08
2023-01-30,SN8,A,2023-01-24,2023-02-08
2023-01-31,SN7,A,2023-01-24,2023-02-08
2023-01-31,SN8,A,2023-01-24,2023-02-08
2023-02-01,SN7,A,2023-01-24,2023-02-08
2023-02-01,SN8,A,2023-01-24,2023-02-08
2023-02-02,SN7,A,2023-01-24,2023-02-08
2023-02-02,SN8,A,2023-01-24,2023-02-08
2023-02-03,SN7,A,2023-01-24,2023-02-08
2023-02-03,SN8,A,2023-01-24,2023-02-08
2023-02-04,SN7,A,2023-01-24,2023-02-08
2023-02-04,SN8,A,2023-01-24,2023-02-08
2023-02-05,SN7,A,2023-01-24,2023-02-08
2023-02-05,SN8,A,2023-01-24,2023-02-08
2023-02-06,SN7,A,2023-01-24,2023-02-08
2023-02-06,SN8,A,2023-01-24,2023-02-08
2023-02-07,SN7,A,2023-01-24,2023-02-08
2023-02-07,SN8,A,2023-01-24,2023-02-08
2023-02-08,SN7,A,2023-01-24,2023-02-08
2023-02-08,SN7,B,2023-02-08,2023-02-13
2023-02-08,SN8,A,2023-01-24,2023-02-08
2023-02-08,SN8,B,2023-02-08,2023-02-13
2023-02-09,SN7,B,2023-02-08,2023-02-13
2023-02-09,SN8,B,2023-02-08,2023-02-13
2023-02-10,SN7,B,2023-02-08,2023-02-13
2023-02-10,SN8,B,2023-02-08,2023-02-13
2023-02-11,SN7,B,2023-02-08,2023-02-13
2023-02-11,SN8,B,2023-02-08,2023-02-13
2023-02-12,SN7,B,2023-02-08,2023-02-13
2023-02-12,SN8,B,2023-02-08,2023-02-13
2023-02-13,SN7,B,2023-02-08,2023-02-13
2023-02-13,SN7,C,2023-02-13,2023-02-14
2023-02-13,SN8,B,2023-02-08,2023-02-13
2023-02-13,SN8,C,2023-02-13,2023-02-14
2023-02-14,SN7,C,2023-02-13,2023-02-14
2023-02-14,SN8,C,2023-02-13,2023-02-14
2023-02-25,SN7,D,2023-02-25,2023-02-27
2023-02-25,SN8,D,2023-02-25,2023-02-27
2023-02-26,SN7,D,2023-02-25,2023-02-27
2023-02-26,SN8,D,2023-02-25,2023-02-27
2023-02-27,SN7,D,2023-02-25,2023-02-27
2023-02-27,SN7,E,2023-02-27,2023-03-14
2023-02-27,SN8,D,2023-02-25,2023-02-27
2023-02-27,SN8,E,2023-02-27,2023-03-14
2023-02-28,SN7,E,2023-02-27,2023-03-14
2023-02-28,SN8,E,2023-02-27,2023-03-14
2023-03-01,SN7,E,2023-02-27,2023-03-14
2023-03-01,SN8,E,2023-02-27,2023-03-14
2023-03-02,SN7,E,2023-02-27,2023-03-14
2023-03-02,SN8,E,2023-02-27,2023-03-14
2023-03-03,SN7,E,2023-02-27,2023-03-14
2023-03-03,SN8,E,2023-02-27,2023-03-14
2023-03-04,SN7,E,2023-02-27,2023-03-14
2023-03-04,SN8,E,2023-02-27,2023-03-14
2023-03-05,SN7,E,2023-02-27,2023-03-14
2023-03-05,SN8,E,2023-02-27,2023-03-14
2023-03-06,SN7,E,2023-02-27,2023-03-14
2023-03-06,SN8,E,2023-02-27,2023-03-14
2023-03-07,SN7,E,2023-02-27,2023-03-14
2023-03-07,SN8,E,2023-02-27,2023-03-14
2023-03-08,SN7,E,2023-02-27,2023-03-14
2023-03-08,SN8,E,2023-02-27,2023-03-14
2023-03-09,SN7,E,2023-02-27,2023-03-14
2023-03-09,SN8,E,2023-02-27,2023-03-14
2023-03-10,SN7,E,2023-02-27,2023-03-14
2023-03-10,SN8,E,2023-02-27,2023-03-14
2023-03-11,SN7,E,2023-02-27,2023-03-14
2023-03-11,SN8,E,2023-02-27,2023-03-14
2023-03-12,SN7,E,2023-02-27,2023-03-14
2023-03-12,SN8,E,2023-02-27,2023-03-14
2023-03-13,SN7,E,2023-02-27,2023-03-14
2023-03-13,SN8,E,2023-02-27,2023-03-14
2023-03-14,SN7,E,2023-02-27,2023-03-14
2023-03-14,SN7,D,2023-03-14,2023-03-16
2023-03-14,SN8,E,2023-02-27,2023-03-14
2023-03-14,SN8,D,2023-03-14,2023-03-16
2023-03-15,SN7,D,2023-03-14,2023-03-16
2023-03-15,SN8,D,2023-03-14,2023-03-16
2023-03-16,SN7,D,2023-03-14,2023-03-16
2023-03-16,SN8,D,2023-03-14,2023-03-16
2023-03-30,SN7,C,2023-03-30,2023-03-31
2023-03-30,SN8,C,2023-03-30,2023-03-31
2023-03-31,SN7,C,2023-03-30,2023-03-31
2023-03-31,SN7,B,2023-03-31,2023-04-05
2023-03-31,SN8,C,2023-03-30,2023-03-31
2023-03-31,SN8,B,2023-03-31,2023-04-05
2023-04-01,SN7,B,2023-03-31,2023-04-05
2023-04-01,SN8,B,2023-03-31,2023-04-05
2023-04-02,SN7,B,2023-03-31,2023-04-05
2023-04-02,SN8,B,2023-03-31,2023-04-05
2023-04-03,SN7,B,2023-03-31,2023-04-05
2023-04-03,SN8,B,2023-03-31,2023-04-05
2023-04-04,SN7,B,2023-03-31,2023-04-05
2023-04-04,SN8,B,2023-03-31,2023-04-05
2023-04-05,SN7,B,2023-03-31,2023-04-05
2023-04-05,SN8,B,2023-03-31,2023-04-05
2023-04-15,SN1,A,2023-04-15,2023-04-30
2023-04-15,SN2,A,2023-04-15,2023-04-30
2023-04-15,SN6,A,2023-04-15,2023-04-30
2023-04-15,SN7,A,2023-04-15,2023-04-30
2023-04-16,SN1,A,2023-04-15,2023-04-30
2023-04-16,SN2,A,2023-04-15,2023-04-30
2023-04-16,SN6,A,2023-04-15,2023-04-30
2023-04-16,SN7,A,2023-04-15,2023-04-30
2023-04-17,SN1,A,2023-04-15,2023-04-30
2023-04-17,SN2,A,2023-04-15,2023-04-30
2023-04-17,SN6,A,2023-04-15,2023-04-30
2023-04-17,SN7,A,2023-04-15,2023-04-30
2023-04-18,SN1,A,2023-04-15,2023-04-30
2023-04-18,SN2,A,2023-04-15,2023-04-30
2023-04-18,SN6,A,2023-04-15,2023-04-30
2023-04-18,SN7,A,2023-04-15,2023-04-30
2023-04-19,SN1,A,2023-04-15,2023-04-30
2023-04-19,SN2,A,2023-04-15,2023-04-30
2023-04-19,SN6,A,2023-04-15,2023-04-30
2023-04-19,SN7,A,2023-04-15,2023-04-30
2023-04-20,SN1,A,2023-04-15,2023-04-30
2023-04-20,SN2,A,2023-04-15,2023-04-30
2023-04-20,SN6,A,2023-04-15,2023-04-30
2023-04-20,SN7,A,2023-04-15,2023-04-30
2023-04-21,SN1,A,2023-04-15,2023-04-30
2023-04-21,SN2,A,2023-04-15,2023-04-30
2023-04-21,SN6,A,2023-04-15,2023-04-30
2023-04-21,SN7,A,2023-04-15,2023-04-30
2023-04-22,SN1,A,2023-04-15,2023-04-30
2023-04-22,SN2,A,2023-04-15,2023-04-30
2023-04-22,SN6,A,2023-04-15,2023-04-30
2023-04-22,SN7,A,2023-04-15,2023-04-30
2023-04-23,SN1,A,2023-04-15,2023-04-30
2023-04-23,SN2,A,2023-04-15,2023-04-30
2023-04-23,SN6,A,2023-04-15,2023-04-30
2023-04-23,SN7,A,2023-04-15,2023-04-30
2023-04-24,SN1,A,2023-04-15,2023-04-30
2023-04-24,SN2,A,2023-04-15,2023-04-30
2023-04-24,SN6,A,2023-04-15,2023-04-30
2023-04-24,SN7,A,2023-04-15,2023-04-30
2023-04-25,SN1,A,2023-04-15,2023-04-30
2023-04-25,SN2,A,2023-04-15,2023-04-30
2023-04-25,SN6,A,2023-04-15,2023-04-30
2023-04-25,SN7,A,2023-04-15,2023-04-30
2023-04-26,SN1,A,2023-04-15,2023-04-30
2023-04-26,SN2,A,2023-04-15,2023-04-30
2023-04-26,SN6,A,2023-04-15,2023-04-30
2023-04-26,SN7,A,2023-04-15,2023-04-30
2023-04-27,SN1,A,2023-04-15,2023-04-30
2023-04-27,SN2,A,2023-04-15,2023-04-30
2023-04-27,SN6,A,2023-04-15,2023-04-30
2023-04-27,SN7,A,2023-04-15,2023-04-30
2023-04-28,SN1,A,2023-04-15,2023-04-30
2023-04-28,SN2,A,2023-04-15,2023-04-30
2023-04-28,SN6,A,2023-04-15,2023-04-30
2023-04-28,SN7,A,2023-04-15,2023-04-30
2023-04-29,SN1,A,2023-04-15,2023-04-30
2023-04-29,SN2,A,2023-04-15,2023-04-30
2023-04-29,SN6,A,2023-04-15,2023-04-30
2023-04-29,SN7,A,2023-04-15,2023-04-30
2023-04-30,SN1,A,2023-04-15,2023-04-30
2023-04-30,SN1,B,2023-04-30,2023-05-05
2023-04-30,SN2,A,2023-04-15,2023-04-30
2023-04-30,SN2,B,2023-04-30,2023-05-05
2023-04-30,SN6,A,2023-04-15,2023-04-30
2023-04-30,SN6,B,2023-04-30,2023-05-05
2023-04-30,SN7,A,2023-04-15,2023-04-30
2023-04-30,SN7,B,2023-04-30,2023-05-05
2023-05-01,SN1,B,2023-04-30,2023-05-05
2023-05-01,SN2,B,2023-04-30,2023-05-05
2023-05-01,SN6,B,2023-04-30,2023-05-05
2023-05-01,SN7,B,2023-04-30,2023-05-05
2023-05-02,SN1,B,2023-04-30,2023-05-05
2023-05-02,SN2,B,2023-04-30,2023-05-05
2023-05-02,SN6,B,2023-04-30,2023-05-05
2023-05-02,SN7,B,2023-04-30,2023-05-05
2023-05-03,SN1,B,2023-04-30,2023-05-05
2023-05-03,SN2,B,2023-04-30,2023-05-05
2023-05-03,SN6,B,2023-04-30,2023-05-05
2023-05-03,SN7,B,2023-04-30,2023-05-05
2023-05-04,SN1,B,2023-04-30,2023-05-05
2023-05-04,SN2,B,2023-04-30,2023-05-05
2023-05-04,SN6,B,2023-04-30,2023-05-05
2023-05-04,SN7,B,2023-04-30,2023-05-05
2023-05-05,SN1,B,2023-04-30,2023-05-05
2023-05-05,SN1,C,2023-05-05,2023-05-06
2023-05-05,SN2,B,2023-04-30,2023-05-05
2023-05-05,SN2,C,2023-05-05,2023-05-06
2023-05-05,SN6,B,2023-04-30,2023-05-05
2023-05-05,SN6,C,2023-05-05,2023-05-06
2023-05-05,SN7,B,2023-04-30,2023-05-05
2023-05-05,SN7,C,2023-05-05,2023-05-06
2023-05-06,SN1,C,2023-05-05,2023-05-06
2023-05-06,SN2,C,2023-05-05,2023-05-06
2023-05-06,SN6,C,2023-05-05,2023-05-06
2023-05-06,SN7,C,2023-05-05,2023-05-06
2023-05-15,SN1,D,2023-05-15,2023-05-17
2023-05-15,SN2,D,2023-05-15,2023-05-17
2023-05-15,SN6,D,2023-05-15,2023-05-17
2023-05-15,SN7,D,2023-05-15,2023-05-17
2023-05-16,SN1,D,2023-05-15,2023-05-17
2023-05-16,SN2,D,2023-05-15,2023-05-17
2023-05-16,SN6,D,2023-05-15,2023-05-17
2023-05-16,SN7,D,2023-05-15,2023-05-17
2023-05-17,SN1,D,2023-05-15,2023-05-17
2023-05-17,SN1,E,2023-05-17,2023-06-01
2023-05-17,SN2,D,2023-05-15,2023-05-17
2023-05-17,SN2,E,2023-05-17,2023-06-01
2023-05-17,SN6,D,2023-05-15,2023-05-17
2023-05-17,SN6,E,2023-05-17,2023-06-01
2023-05-17,SN7,D,2023-05-15,2023-05-17
2023-05-17,SN7,E,2023-05-17,2023-06-01
2023-05-18,SN1,E,2023-05-17,2023-06-01
2023-05-18,SN2,E,2023-05-17,2023-06-01
2023-05-18,SN6,E,2023-05-17,2023-06-01
2023-05-18,SN7,E,2023-05-17,2023-06-01
2023-05-19,SN1,E,2023-05-17,2023-06-01
2023-05-19,SN2,E,2023-05-17,2023-06-01
2023-05-19,SN6,E,2023-05-17,2023-06-01
2023-05-19,SN7,E,2023-05-17,2023-06-01
2023-05-20,SN1,E,2023-05-17,2023-06-01
2023-05-20,SN2,E,2023-05-17,2023-06-01
2023-05-20,SN6,E,2023-05-17,2023-06-01
2023-05-20,SN7,E,2023-05-17,2023-06-01
2023-05-21,SN1,E,2023-05-17,2023-06-01
2023-05-21,SN2,E,2023-05-17,2023-06-01
2023-05-21,SN6,E,2023-05-17,2023-06-01
2023-05-21,SN7,E,2023-05-17,2023-06-01
2023-05-22,SN1,E,2023-05-17,2023-06-01
2023-05-22,SN2,E,2023-05-17,2023-06-01
2023-05-22,SN6,E,2023-05-17,2023-06-01
2023-05-22,SN7,E,2023-05-17,2023-06-01
2023-05-23,SN1,E,2023-05-17,2023-06-01
2023-05-23,SN2,E,2023-05-17,2023-06-01
2023-05-23,SN6,E,2023-05-17,2023-06-01
2023-05-23,SN7,E,2023-05-17,2023-06-01
2023-05-24,SN1,E,2023-05-17,2023-06-01
2023-05-24,SN2,E,2023-05-17,2023-06-01
2023-05-24,SN6,E,2023-05-17,2023-06-01
2023-05-24,SN7,E,2023-05-17,2023-06-01
2023-05-25,SN1,E,2023-05-17,2023-06-01
2023-05-25,SN2,E,2023-05-17,2023-06-01
2023-05-25,SN6,E,2023-05-17,2023-06-01
2023-05-25,SN7,E,2023-05-17,2023-06-01
2023-05-26,SN1,E,2023-05-17,2023-06-01
2023-05-26,SN2,E,2023-05-17,2023-06-01
2023-05-26,SN6,E,2023-05-17,2023-06-01
2023-05-26,SN7,E,2023-05-17,2023-06-01
2023-05-27,SN1,E,2023-05-17,2023-06-01
2023-05-27,SN2,E,2023-05-17,2023-06-01
2023-05-27,SN6,E,2023-05-17,2023-06-01
2023-05-27,SN7,E,2023-05-17,2023-06-01
2023-05-28,SN1,E,2023-05-17,2023-06-01
2023-05-28,SN2,E,2023-05-17,2023-06-01
2023-05-28,SN6,E,2023-05-17,2023-06-01
2023-05-28,SN7,E,2023-05-17,2023-06-01
2023-05-29,SN1,E,2023-05-17,2023-06-01
2023-05-29,SN2,E,2023-05-17,2023-06-01
2023-05-29,SN6,E,2023-05-17,2023-06-01
2023-05-29,SN7,E,2023-05-17,2023-06-01
2023-05-30,SN1,E,2023-05-17,2023-06-01
2023-05-30,SN2,E,2023-05-17,2023-06-01
2023-05-30,SN6,E,2023-05-17,2023-06-01
2023-05-30,SN7,E,2023-05-17,2023-06-01
2023-05-31,SN1,E,2023-05-17,2023-06-01
2023-05-31,SN2,E,2023-05-17,2023-06-01
2023-05-31,SN6,E,2023-05-17,2023-06-01
2023-05-31,SN7,E,2023-05-17,2023-06-01
2023-06-01,SN1,E,2023-05-17,2023-06-01
2023-06-01,SN1,D,2023-06-01,2023-06-03
2023-06-01,SN2,E,2023-05-17,2023-06-01
2023-06-01,SN2,D,2023-06-01,2023-06-03
2023-06-01,SN4,A,2023-06-01,2023-06-16
2023-06-01,SN5,A,2023-06-01,2023-06-16
2023-06-01,SN6,E,2023-05-17,2023-06-01
2023-06-01,SN6,D,2023-06-01,2023-06-03
2023-06-01,SN7,E,2023-05-17,2023-06-01
2023-06-01,SN7,D,2023-06-01,2023-06-03
2023-06-02,SN1,D,2023-06-01,2023-06-03
2023-06-02,SN2,D,2023-06-01,2023-06-03
2023-06-02,SN4,A,2023-06-01,2023-06-16
2023-06-02,SN5,A,2023-06-01,2023-06-16
2023-06-02,SN6,D,2023-06-01,2023-06-03
2023-06-02,SN7,D,2023-06-01,2023-06-03
2023-06-03,SN1,D,2023-06-01,2023-06-03
2023-06-03,SN2,D,2023-06-01,2023-06-03
2023-06-03,SN4,A,2023-06-01,2023-06-16
2023-06-03,SN5,A,2023-06-01,2023-06-16
2023-06-03,SN6,D,2023-06-01,2023-06-03
2023-06-03,SN7,D,2023-06-01,2023-06-03
2023-06-04,SN4,A,2023-06-01,2023-06-16
2023-06-04,SN5,A,2023-06-01,2023-06-16
2023-06-05,SN4,A,2023-06-01,2023-06-16
2023-06-05,SN5,A,2023-06-01,2023-06-16
2023-06-06,SN4,A,2023-06-01,2023-06-16
2023-06-06,SN5,A,2023-06-01,2023-06-16
2023-06-07,SN4,A,2023-06-01,2023-06-16
2023-06-07,SN5,A,2023-06-01,2023-06-16
2023-06-08,SN4,A,2023-06-01,2023-06-16
2023-06-08,SN5,A,2023-06-01,2023-06-16
2023-06-09,SN4,A,2023-06-01,2023-06-16
2023-06-09,SN5,A,2023-06-01,2023-06-16
2023-06-10,SN4,A,2023-06-01,2023-06-16
2023-06-10,SN5,A,2023-06-01,2023-06-16
2023-06-11,SN4,A,2023-06-01,2023-06-16
2023-06-11,SN5,A,2023-06-01,2023-06-16
2023-06-12,SN4,A,2023-06-01,2023-06-16
2023-06-12,SN5,A,2023-06-01,2023-06-16
2023-06-13,SN4,A,2023-06-01,2023-06-16
2023-06-13,SN5,A,2023-06-01,2023-06-16
2023-06-14,SN4,A,2023-06-01,2023-06-16
2023-06-14,SN5,A,2023-06-01,2023-06-16
2023-06-15,SN1,C,2023-06-15,2023-06-16
2023-06-15,SN2,C,2023-06-15,2023-06-16
2023-06-15,SN4,A,2023-06-01,2023-06-16
2023-06-15,SN5,A,2023-06-01,2023-06-16
2023-06-15,SN6,C,2023-06-15,2023-06-16
2023-06-15,SN7,C,2023-06-15,2023-06-16
2023-06-16,SN1,C,2023-06-15,2023-06-16
2023-06-16,SN1,B,2023-06-16,2023-06-21
2023-06-16,SN2,C,2023-06-15,2023-06-16
2023-06-16,SN2,B,2023-06-16,2023-06-21
2023-06-16,SN4,A,2023-06-01,2023-06-16
2023-06-16,SN4,B,2023-06-16,2023-06-21
2023-06-16,SN5,A,2023-06-01,2023-06-16
2023-06-16,SN5,B,2023-06-16,2023-06-21
2023-06-16,SN6,C,2023-06-15,2023-06-16
2023-06-16,SN6,B,2023-06-16,2023-06-21
2023-06-16,SN7,C,2023-06-15,2023-06-16
2023-06-16,SN7,B,2023-06-16,2023-06-21
2023-06-17,SN1,B,2023-06-16,2023-06-21
2023-06-17,SN2,B,2023-06-16,2023-06-21
2023-06-17,SN4,B,2023-06-16,2023-06-21
2023-06-17,SN5,B,2023-06-16,2023-06-21
2023-06-17,SN6,B,2023-06-16,2023-06-21
2023-06-17,SN7,B,2023-06-16,2023-06-21
2023-06-18,SN1,B,2023-06-16,2023-06-21
2023-06-18,SN2,B,2023-06-16,2023-06-21
2023-06-18,SN4,B,2023-06-16,2023-06-21
2023-06-18,SN5,B,2023-06-16,2023-06-21
2023-06-18,SN6,B,2023-06-16,2023-06-21
2023-06-18,SN7,B,2023-06-16,2023-06-21
2023-06-19,SN1,B,2023-06-16,2023-06-21
2023-06-19,SN2,B,2023-06-16,2023-06-21
2023-06-19,SN4,B,2023-06-16,2023-06-21
2023-06-19,SN5,B,2023-06-16,2023-06-21
2023-06-19,SN6,B,2023-06-16,2023-06-21
2023-06-19,SN7,B,2023-06-16,2023-06-21
2023-06-20,SN1,B,2023-06-16,2023-06-21
2023-06-20,SN2,B,2023-06-16,2023-06-21
2023-06-20,SN4,B,2023-06-16,2023-06-21
2023-06-20,SN5,B,2023-06-16,2023-06-21
2023-06-20,SN6,B,2023-06-16,2023-06-21
2023-06-20,SN7,B,2023-06-16,2023-06-21
2023-06-21,SN1,B,2023-06-16,2023-06-21
2023-06-21,SN2,B,2023-06-16,2023-06-21
2023-06-21,SN4,B,2023-06-16,2023-06-21
2023-06-21,SN4,C,2023-06-21,2023-06-22
2023-06-21,SN5,B,2023-06-16,2023-06-21
2023-06-21,SN5,C,2023-06-21,2023-06-22
2023-06-21,SN6,B,2023-06-16,2023-06-21
2023-06-21,SN7,B,2023-06-16,2023-06-21
2023-06-22,SN4,C,2023-06-21,2023-06-22
2023-06-22,SN5,C,2023-06-21,2023-06-22
2023-07-03,SN4,D,2023-07-03,2023-07-05
2023-07-03,SN5,D,2023-07-03,2023-07-05
2023-07-04,SN4,D,2023-07-03,2023-07-05
2023-07-04,SN5,D,2023-07-03,2023-07-05
2023-07-05,SN4,D,2023-07-03,2023-07-05
2023-07-05,SN4,E,2023-07-05,2023-07-20
2023-07-05,SN5,D,2023-07-03,2023-07-05
2023-07-05,SN5,E,2023-07-05,2023-07-20
2023-07-06,SN4,E,2023-07-05,2023-07-20
2023-07-06,SN5,E,2023-07-05,2023-07-20
2023-07-07,SN4,E,2023-07-05,2023-07-20
2023-07-07,SN5,E,2023-07-05,2023-07-20
2023-07-08,SN4,E,2023-07-05,2023-07-20
2023-07-08,SN5,E,2023-07-05,2023-07-20
2023-07-09,SN4,E,2023-07-05,2023-07-20
2023-07-09,SN5,E,2023-07-05,2023-07-20
2023-07-10,SN4,E,2023-07-05,2023-07-20
2023-07-10,SN5,E,2023-07-05,2023-07-20
2023-07-11,SN4,E,2023-07-05,2023-07-20
2023-07-11,SN5,E,2023-07-05,2023-07-20
2023-07-12,SN4,E,2023-07-05,2023-07-20
2023-07-12,SN5,E,2023-07-05,2023-07-20
2023-07-13,SN4,E,2023-07-05,2023-07-20
2023-07-13,SN5,E,2023-07-05,2023-07-20
2023-07-14,SN4,E,2023-07-05,2023-07-20
2023-07-14,SN5,E,2023-07-05,2023-07-20
2023-07-15,SN4,E,2023-07-05,2023-07-20
2023-07-15,SN5,E,2023-07-05,2023-07-20
2023-07-16,SN4,E,2023-07-05,2023-07-20
2023-07-16,SN5,E,2023-07-05,2023-07-20
2023-07-17,SN4,E,2023-07-05,2023-07-20
2023-07-17,SN5,E,2023-07-05,2023-07-20
2023-07-18,SN4,E,2023-07-05,2023-07-20
2023-07-18,SN5,E,2023-07-05,2023-07-20
2023-07-19,SN2,A,2023-07-19,2023-08-03
2023-07-19,SN3,A,2023-07-19,2023-08-03
2023-07-19,SN4,E,2023-07-05,2023-07-20
2023-07-19,SN5,E,2023-07-05,2023-07-20
2023-07-19,SN6,A,2023-07-19,2023-08-03
2023-07-19,SN7,A,2023-07-19,2023-08-03
2023-07-20,SN2,A,2023-07-19,2023-08-03
2023-07-20,SN3,A,2023-07-19,2023-08-03
2023-07-20,SN4,E,2023-07-05,2023-07-20
2023-07-20,SN4,D,2023-07-20,2023-07-22
2023-07-20,SN5,E,2023-07-05,2023-07-20
2023-07-20,SN5,D,2023-07-20,2023-07-22
2023-07-20,SN6,A,2023-07-19,2023-08-03
2023-07-20,SN7,A,2023-07-19,2023-08-03
2023-07-21,SN2,A,2023-07-19,2023-08-03
2023-07-21,SN3,A,2023-07-19,2023-08-03
2023-07-21,SN4,D,2023-07-20,2023-07-22
2023-07-21,SN5,D,2023-07-20,2023-07-22
2023-07-21,SN6,A,2023-07-19,2023-08-03
2023-07-21,SN7,A,2023-07-19,2023-08-03
2023-07-22,SN2,A,2023-07-19,2023-08-03
2023-07-22,SN3,A,2023-07-19,2023-08-03
2023-07-22,SN4,D,2023-07-20,2023-07-22
2023-07-22,SN5,D,2023-07-20,2023-07-22
2023-07-22,SN6,A,2023-07-19,2023-08-03
2023-07-22,SN7,A,2023-07-19,2023-08-03
2023-07-23,SN2,A,2023-07-19,2023-08-03
2023-07-23,SN3,A,2023-07-19,2023-08-03
2023-07-23,SN6,A,2023-07-19,2023-08-03
2023-07-23,SN7,A,2023-07-19,2023-08-03
2023-07-24,SN2,A,2023-07-19,2023-08-03
2023-07-24,SN3,A,2023-07-19,2023-08-03
2023-07-24,SN6,A,2023-07-19,2023-08-03
2023-07-24,SN7,A,2023-07-19,2023-08-03
2023-07-25,SN2,A,2023-07-19,2023-08-03
2023-07-25,SN3,A,2023-07-19,2023-08-03
2023-07-25,SN6,A,2023-07-19,2023-08-03
2023-07-25,SN7,A,2023-07-19,2023-08-03
2023-07-26,SN2,A,2023-07-19,2023-08-03
2023-07-26,SN3,A,2023-07-19,2023-08-03
2023-07-26,SN6,A,2023-07-19,2023-08-03
2023-07-26,SN7,A,2023-07-19,2023-08-03
2023-07-27,SN2,A,2023-07-19,2023-08-03
2023-07-27,SN3,A,2023-07-19,2023-08-03
2023-07-27,SN6,A,2023-07-19,2023-08-03
2023-07-27,SN7,A,2023-07-19,2023-08-03
2023-07-28,SN2,A,2023-07-19,2023-08-03
2023-07-28,SN3,A,2023-07-19,2023-08-03
2023-07-28,SN6,A,2023-07-19,2023-08-03
2023-07-28,SN7,A,2023-07-19,2023-08-03
2023-07-29,SN2,A,2023-07-19,2023-08-03
2023-07-29,SN3,A,2023-07-19,2023-08-03
2023-07-29,SN6,A,2023-07-19,2023-08-03
2023-07-29,SN7,A,2023-07-19,2023-08-03
2023-07-30,SN2,A,2023-07-19,2023-08-03
2023-07-30,SN3,A,2023-07-19,2023-08-03
2023-07-30,SN6,A,2023-07-19,2023-08-03
2023-07-30,SN7,A,2023-07-19,2023-08-03
2023-07-31,SN2,A,2023-07-19,2023-08-03
2023-07-31,SN3,A,2023-07-19,2023-08-03
2023-07-31,SN6,A,2023-07-19,2023-08-03
2023-07-31,SN7,A,2023-07-19,2023-08-03
2023-08-01,SN2,A,2023-07-19,2023-08-03
2023-08-01,SN3,A,2023-07-19,2023-08-03
2023-08-01,SN6,A,2023-07-19,2023-08-03
2023-08-01,SN7,A,2023-07-19,2023-08-03
2023-08-02,SN2,A,2023-07-19,2023-08-03
2023-08-02,SN3,A,2023-07-19,2023-08-03
2023-08-02,SN6,A,2023-07-19,2023-08-03
2023-08-02,SN7,A,2023-07-19,2023-08-03
2023-08-03,SN2,A,2023-07-19,2023-08-03
2023-08-03,SN2,B,2023-08-03,2023-08-08
2023-08-03,SN3,A,2023-07-19,2023-08-03
2023-08-03,SN3,B,2023-08-03,2023-08-08
2023-08-03,SN6,A,2023-07-19,2023-08-03
2023-08-03,SN6,B,2023-08-03,2023-08-08
2023-08-03,SN7,A,2023-07-19,2023-08-03
2023-08-03,SN7,B,2023-08-03,2023-08-08
2023-08-04,SN2,B,2023-08-03,2023-08-08
2023-08-04,SN3,B,2023-08-03,2023-08-08
2023-08-04,SN4,C,2023-08-04,2023-08-05
2023-08-04,SN5,C,2023-08-04,2023-08-05
2023-08-04,SN6,B,2023-08-03,2023-08-08
2023-08-04,SN7,B,2023-08-03,2023-08-08
2023-08-05,SN2,B,2023-08-03,2023-08-08
2023-08-05,SN3,B,2023-08-03,2023-08-08
2023-08-05,SN4,C,2023-08-04,2023-08-05
2023-08-05,SN4,B,2023-08-05,2023-08-10
2023-08-05,SN5,C,2023-08-04,2023-08-05
2023-08-05,SN5,B,2023-08-05,2023-08-10
2023-08-05,SN6,B,2023-08-03,2023-08-08
2023-08-05,SN7,B,2023-08-03,2023-08-08
2023-08-06,SN2,B,2023-08-03,2023-08-08
2023-08-06,SN3,B,2023-08-03,2023-08-08
2023-08-06,SN4,B,2023-08-05,2023-08-10
2023-08-06,SN5,B,2023-08-05,2023-08-10
2023-08-06,SN6,B,2023-08-03,2023-08-08
2023-08-06,SN7,B,2023-08-03,2023-08-08
2023-08-07,SN2,B,2023-08-03,2023-08-08
2023-08-07,SN3,B,2023-08-03,2023-08-08
2023-08-07,SN4,B,2023-08-05,2023-08-10
2023-08-07,SN5,B,2023-08-05,2023-08-10
2023-08-07,SN6,B,2023-08-03,2023-08-08
2023-08-07,SN7,B,2023-08-03,2023-08-08
2023-08-08,SN2,B,2023-08-03,2023-08-08
2023-08-08,SN2,C,2023-08-08,2023-08-09
2023-08-08,SN3,B,2023-08-03,2023-08-08
2023-08-08,SN3,C,2023-08-08,2023-08-09
2023-08-08,SN4,B,2023-08-05,2023-08-10
2023-08-08,SN5,B,2023-08-05,2023-08-10
2023-08-08,SN6,B,2023-08-03,2023-08-08
2023-08-08,SN6,C,2023-08-08,2023-08-09
2023-08-08,SN7,B,2023-08-03,2023-08-08
2023-08-08,SN7,C,2023-08-08,2023-08-09
2023-08-09,SN2,C,2023-08-08,2023-08-09
2023-08-09,SN3,C,2023-08-08,2023-08-09
2023-08-09,SN4,B,2023-08-05,2023-08-10
2023-08-09,SN5,B,2023-08-05,2023-08-10
2023-08-09,SN6,C,2023-08-08,2023-08-09
2023-08-09,SN7,C,2023-08-08,2023-08-09
2023-08-10,SN4,B,2023-08-05,2023-08-10
2023-08-10,SN5,B,2023-08-05,2023-08-10
2023-08-21,SN2,D,2023-08-21,2023-08-23
2023-08-21,SN3,D,2023-08-21,2023-08-23
2023-08-21,SN6,D,2023-08-21,2023-08-23
2023-08-21,SN7,D,2023-08-21,2023-08-23
2023-08-22,SN1,A,2023-08-22,2023-09-06
2023-08-22,SN2,D,2023-08-21,2023-08-23
2023-08-22,SN3,D,2023-08-21,2023-08-23
2023-08-22,SN5,A,2023-08-22,2023-09-06
2023-08-22,SN6,D,2023-08-21,2023-08-23
2023-08-22,SN7,D,2023-08-21,2023-08-23
2023-08-23,SN1,A,2023-08-22,2023-09-06
2023-08-23,SN2,D,2023-08-21,2023-08-23
2023-08-23,SN2,E,2023-08-23,2023-09-07
2023-08-23,SN3,D,2023-08-21,2023-08-23
2023-08-23,SN3,E,2023-08-23,2023-09-07
2023-08-23,SN5,A,2023-08-22,2023-09-06
2023-08-23,SN6,D,2023-08-21,2023-08-23
2023-08-23,SN6,E,2023-08-23,2023-09-07
2023-08-23,SN7,D,2023-08-21,2023-08-23
2023-08-23,SN7,E,2023-08-23,2023-09-07
2023-08-24,SN1,A,2023-08-22,2023-09-06
2023-08-24,SN2,E,2023-08-23,2023-09-07
2023-08-24,SN3,E,2023-08-23,2023-09-07
2023-08-24,SN5,A,2023-08-22,2023-09-06
2023-08-24,SN6,E,2023-08-23,2023-09-07
2023-08-24,SN7,E,2023-08-23,2023-09-07
2023-08-25,SN1,A,2023-08-22,2023-09-06
2023-08-25,SN2,E,2023-08-23,2023-09-07
2023-08-25,SN3,E,2023-08-23,2023-09-07
2023-08-25,SN5,A,2023-08-22,2023-09-06
2023-08-25,SN6,E,2023-08-23,2023-09-07
2023-08-25,SN7,E,2023-08-23,2023-09-07
2023-08-26,SN1,A,2023-08-22,2023-09-06
2023-08-26,SN2,E,2023-08-23,2023-09-07
2023-08-26,SN3,E,2023-08-23,2023-09-07
2023-08-26,SN5,A,2023-08-22,2023-09-06
2023-08-26,SN6,E,2023-08-23,2023-09-07
2023-08-26,SN7,E,2023-08-23,2023-09-07
2023-08-27,SN1,A,2023-08-22,2023-09-06
2023-08-27,SN2,E,2023-08-23,2023-09-07
2023-08-27,SN3,E,2023-08-23,2023-09-07
2023-08-27,SN5,A,2023-08-22,2023-09-06
2023-08-27,SN6,E,2023-08-23,2023-09-07
2023-08-27,SN7,E,2023-08-23,2023-09-07
2023-08-28,SN1,A,2023-08-22,2023-09-06
2023-08-28,SN2,E,2023-08-23,2023-09-07
2023-08-28,SN3,E,2023-08-23,2023-09-07
2023-08-28,SN5,A,2023-08-22,2023-09-06
2023-08-28,SN6,E,2023-08-23,2023-09-07
2023-08-28,SN7,E,2023-08-23,2023-09-07
2023-08-29,SN1,A,2023-08-22,2023-09-06
2023-08-29,SN2,E,2023-08-23,2023-09-07
2023-08-29,SN3,E,2023-08-23,2023-09-07
2023-08-29,SN5,A,2023-08-22,2023-09-06
2023-08-29,SN6,E,2023-08-23,2023-09-07
2023-08-29,SN7,E,2023-08-23,2023-09-07
2023-08-30,SN1,A,2023-08-22,2023-09-06
2023-08-30,SN2,E,2023-08-23,2023-09-07
2023-08-30,SN3,E,2023-08-23,2023-09-07
2023-08-30,SN5,A,2023-08-22,2023-09-06
2023-08-30,SN6,E,2023-08-23,2023-09-07
2023-08-30,SN7,E,2023-08-23,2023-09-07
2023-08-31,SN1,A,2023-08-22,2023-09-06
2023-08-31,SN2,E,2023-08-23,2023-09-07
2023-08-31,SN3,E,2023-08-23,2023-09-07
2023-08-31,SN5,A,2023-08-22,2023-09-06
2023-08-31,SN6,E,2023-08-23,2023-09-07
2023-08-31,SN7,E,2023-08-23,2023-09-07
2023-09-01,SN1,A,2023-08-22,2023-09-06
2023-09-01,SN2,E,2023-08-23,2023-09-07
2023-09-01,SN3,E,2023-08-23,2023-09-07
2023-09-01,SN5,A,2023-08-22,2023-09-06
2023-09-01,SN6,E,2023-08-23,2023-09-07
2023-09-01,SN7,E,2023-08-23,2023-09-07
2023-09-02,SN1,A,2023-08-22,2023-09-06
2023-09-02,SN2,E,2023-08-23,2023-09-07
2023-09-02,SN3,E,2023-08-23,2023-09-07
2023-09-02,SN5,A,2023-08-22,2023-09-06
2023-09-02,SN6,E,2023-08-23,2023-09-07
2023-09-02,SN7,E,2023-08-23,2023-09-07
2023-09-03,SN1,A,2023-08-22,2023-09-06
2023-09-03,SN2,E,2023-08-23,2023-09-07
2023-09-03,SN3,E,2023-08-23,2023-09-07
2023-09-03,SN5,A,2023-08-22,2023-09-06
2023-09-03,SN6,E,2023-08-23,2023-09-07
2023-09-03,SN7,E,2023-08-23,2023-09-07
2023-09-04,SN1,A,2023-08-22,2023-09-06
2023-09-04,SN2,E,2023-08-23,2023-09-07
2023-09-04,SN3,E,2023-08-23,2023-09-07
2023-09-04,SN5,A,2023-08-22,2023-09-06
2023-09-04,SN6,E,2023-08-23,2023-09-07
2023-09-04,SN7,E,2023-08-23,2023-09-07
2023-09-05,SN1,A,2023-08-22,2023-09-06
2023-09-05,SN2,E,2023-08-23,2023-09-07
2023-09-05,SN3,E,2023-08-23,2023-09-07
2023-09-05,SN5,A,2023-08-22,2023-09-06
2023-09-05,SN6,E,2023-08-23,2023-09-07
2023-09-05,SN7,E,2023-08-23,2023-09-07
2023-09-06,SN1,A,2023-08-22,2023-09-06
2023-09-06,SN1,B,2023-09-06,2023-09-11
2023-09-06,SN2,E,2023-08-23,2023-09-07
2023-09-06,SN3,E,2023-08-23,2023-09-07
2023-09-06,SN5,A,2023-08-22,2023-09-06
2023-09-06,SN5,B,2023-09-06,2023-09-11
2023-09-06,SN6,E,2023-08-23,2023-09-07
2023-09-06,SN7,E,2023-08-23,2023-09-07
2023-09-07,SN1,B,2023-09-06,2023-09-11
2023-09-07,SN2,E,2023-08-23,2023-09-07
2023-09-07,SN2,D,2023-09-07,2023-09-09
2023-09-07,SN3,E,2023-08-23,2023-09-07
2023-09-07,SN3,D,2023-09-07,2023-09-09
2023-09-07,SN5,B,2023-09-06,2023-09-11
2023-09-07,SN6,E,2023-08-23,2023-09-07
2023-09-07,SN6,D,2023-09-07,2023-09-09
2023-09-07,SN7,E,2023-08-23,2023-09-07
2023-09-07,SN7,D,2023-09-07,2023-09-09
2023-09-08,SN1,B,2023-09-06,2023-09-11
2023-09-08,SN2,D,2023-09-07,2023-09-09
2023-09-08,SN3,D,2023-09-07,2023-09-09
2023-09-08,SN5,B,2023-09-06,2023-09-11
2023-09-08,SN6,D,2023-09-07,2023-09-09
2023-09-08,SN7,D,2023-09-07,2023-09-09
2023-09-09,SN1,B,2023-09-06,2023-09-11
2023-09-09,SN2,D,2023-09-07,2023-09-09
2023-09-09,SN3,D,2023-09-07,2023-09-09
2023-09-09,SN5,B,2023-09-06,2023-09-11
2023-09-09,SN6,D,2023-09-07,2023-09-09
2023-09-09,SN7,D,2023-09-07,2023-09-09
2023-09-10,SN1,B,2023-09-06,2023-09-11
2023-09-10,SN5,B,2023-09-06,2023-09-11
2023-09-11,SN1,B,2023-09-06,2023-09-11
2023-09-11,SN5,B,2023-09-06,2023-09-11
2023-09-22,SN2,C,2023-09-22,2023-09-23
2023-09-22,SN3,C,2023-09-22,2023-09-23
2023-09-22,SN6,C,2023-09-22,2023-09-23
2023-09-22,SN7,C,2023-09-22,2023-09-23
2023-09-23,SN1,C,2023-09-23,2023-09-24
2023-09-23,SN2,C,2023-09-22,2023-09-23
2023-09-23,SN2,B,2023-09-23,2023-09-28
2023-09-23,SN3,C,2023-09-22,2023-09-23
2023-09-23,SN3,B,2023-09-23,2023-09-28
2023-09-23,SN5,C,2023-09-23,2023-09-24
2023-09-23,SN6,C,2023-09-22,2023-09-23
2023-09-23,SN6,B,2023-09-23,2023-09-28
2023-09-23,SN7,C,2023-09-22,2023-09-23
2023-09-23,SN7,B,2023-09-23,2023-09-28
2023-09-24,SN1,C,2023-09-23,2023-09-24
2023-09-24,SN2,B,2023-09-23,2023-09-28
2023-09-24,SN3,B,2023-09-23,2023-09-28
2023-09-24,SN5,C,2023-09-23,2023-09-24
2023-09-24,SN6,B,2023-09-23,2023-09-28
2023-09-24,SN7,B,2023-09-23,2023-09-28
2023-09-25,SN2,B,2023-09-23,2023-09-28
2023-09-25,SN3,B,2023-09-23,2023-09-28
2023-09-25,SN6,B,2023-09-23,2023-09-28
2023-09-25,SN7,B,2023-09-23,2023-09-28
2023-09-26,SN2,B,2023-09-23,2023-09-28
2023-09-26,SN3,B,2023-09-23,2023-09-28
2023-09-26,SN4,A,2023-09-26,2023-10-11
2023-09-26,SN6,B,2023-09-23,2023-09-28
2023-09-26,SN7,B,2023-09-23,2023-09-28
2023-09-26,SN8,A,2023-09-26,2023-10-11
2023-09-27,SN2,B,2023-09-23,2023-09-28
2023-09-27,SN3,B,2023-09-23,2023-09-28
2023-09-27,SN4,A,2023-09-26,2023-10-11
2023-09-27,SN6,B,2023-09-23,2023-09-28
2023-09-27,SN7,B,2023-09-23,2023-09-28
2023-09-27,SN8,A,2023-09-26,2023-10-11
2023-09-28,SN2,B,2023-09-23,2023-09-28
2023-09-28,SN3,B,2023-09-23,2023-09-28
2023-09-28,SN4,A,2023-09-26,2023-10-11
2023-09-28,SN6,B,2023-09-23,2023-09-28
2023-09-28,SN7,B,2023-09-23,2023-09-28
2023-09-28,SN8,A,2023-09-26,2023-10-11
2023-09-29,SN4,A,2023-09-26,2023-10-11
2023-09-29,SN8,A,2023-09-26,2023-10-11
2023-09-30,SN4,A,2023-09-26,2023-10-11
2023-09-30,SN8,A,2023-09-26,2023-10-11
2023-10-01,SN4,A,2023-09-26,2023-10-11
2023-10-01,SN8,A,2023-09-26,2023-10-11
2023-10-02,SN4,A,2023-09-26,2023-10-11
2023-10-02,SN8,A,2023-09-26,2023-10-11
2023-10-03,SN4,A,2023-09-26,2023-10-11
2023-10-03,SN8,A,2023-09-26,2023-10-11
2023-10-04,SN1,D,2023-10-04,2023-10-06
2023-10-04,SN4,A,2023-09-26,2023-10-11
2023-10-04,SN5,D,2023-10-04,2023-10-06
2023-10-04,SN8,A,2023-09-26,2023-10-11
2023-10-05,SN1,D,2023-10-04,2023-10-06
2023-10-05,SN4,A,2023-09-26,2023-10-11
2023-10-05,SN5,D,2023-10-04,2023-10-06
2023-10-05,SN8,A,2023-09-26,2023-10-11
2023-10-06,SN1,D,2023-10-04,2023-10-06
2023-10-06,SN1,E,2023-10-06,2023-10-21
2023-10-06,SN4,A,2023-09-26,2023-10-11
2023-10-06,SN5,D,2023-10-04,2023-10-06
2023-10-06,SN5,E,2023-10-06,2023-10-21
2023-10-06,SN8,A,2023-09-26,2023-10-11
2023-10-07,SN1,E,2023-10-06,2023-10-21
2023-10-07,SN4,A,2023-09-26,2023-10-11
2023-10-07,SN5,E,2023-10-06,2023-10-21
2023-10-07,SN8,A,2023-09-26,2023-10-11
2023-10-08,SN1,E,2023-10-06,2023-10-21
2023-10-08,SN4,A,2023-09-26,2023-10-11
2023-10-08,SN5,E,2023-10-06,2023-10-21
2023-10-08,SN8,A,2023-09-26,2023-10-11
2023-10-09,SN1,E,2023-10-06,2023-10-21
2023-10-09,SN4,A,2023-09-26,2023-10-11
2023-10-09,SN5,E,2023-10-06,2023-10-21
2023-10-09,SN8,A,2023-09-26,2023-10-11
2023-10-10,SN1,E,2023-10-06,2023-10-21
2023-10-10,SN4,A,2023-09-26,2023-10-11
2023-10-10,SN5,E,2023-10-06,2023-10-21
2023-10-10,SN8,A,2023-09-26,2023-10-11
2023-10-11,SN1,E,2023-10-06,2023-10-21
2023-10-11,SN4,A,2023-09-26,2023-10-11
2023-10-11,SN4,B,2023-10-11,2023-10-16
2023-10-11,SN5,E,2023-10-06,2023-10-21
2023-10-11,SN8,A,2023-09-26,2023-10-11
2023-10-11,SN8,B,2023-10-11,2023-10-16
2023-10-12,SN1,E,2023-10-06,2023-10-21
2023-10-12,SN4,B,2023-10-11,2023-10-16
2023-10-12,SN5,E,2023-10-06,2023-10-21
2023-10-12,SN8,B,2023-10-11,2023-10-16
2023-10-13,SN1,E,2023-10-06,2023-10-21
2023-10-13,SN4,B,2023-10-11,2023-10-16
2023-10-13,SN5,E,2023-10-06,2023-10-21
2023-10-13,SN8,B,2023-10-11,2023-10-16
2023-10-14,SN1,E,2023-10-06,2023-10-21
2023-10-14,SN4,B,2023-10-11,2023-10-16
2023-10-14,SN5,E,2023-10-06,2023-10-21
2023-10-14,SN8,B,2023-10-11,2023-10-16
2023-10-15,SN1,E,2023-10-06,2023-10-21
2023-10-15,SN4,B,2023-10-11,2023-10-16
2023-10-15,SN5,E,2023-10-06,2023-10-21
2023-10-15,SN8,B,2023-10-11,2023-10-16
2023-10-16,SN1,E,2023-10-06,2023-10-21
2023-10-16,SN4,B,2023-10-11,2023-10-16
2023-10-16,SN5,E,2023-10-06,2023-10-21
2023-10-16,SN8,B,2023-10-11,2023-10-16
2023-10-17,SN1,E,2023-10-06,2023-10-21
2023-10-17,SN5,E,2023-10-06,2023-10-21
2023-10-18,SN1,E,2023-10-06,2023-10-21
2023-10-18,SN5,E,2023-10-06,2023-10-21
2023-10-19,SN1,E,2023-10-06,2023-10-21
2023-10-19,SN5,E,2023-10-06,2023-10-21
2023-10-20,SN1,E,2023-10-06,2023-10-21
2023-10-20,SN5,E,2023-10-06,2023-10-21
2023-10-21,SN1,E,2023-10-06,2023-10-21
2023-10-21,SN1,D,2023-10-21,2023-10-23
2023-10-21,SN5,E,2023-10-06,2023-10-21
2023-10-21,SN5,D,2023-10-21,2023-10-23
2023-10-22,SN1,D,2023-10-21,2023-10-23
2023-10-22,SN5,D,2023-10-21,2023-10-23
2023-10-23,SN1,D,2023-10-21,2023-10-23
2023-10-23,SN5,D,2023-10-21,2023-10-23
2023-11-05,SN1,C,2023-11-05,2023-11-06
2023-11-05,SN5,C,2023-11-05,2023-11-06
2023-11-06,SN1,C,2023-11-05,2023-11-06
2023-11-06,SN1,B,2023-11-06,2023-11-11
2023-11-06,SN4,C,2023-11-06,2023-11-07
2023-11-06,SN5,C,2023-11-05,2023-11-06
2023-11-06,SN5,B,2023-11-06,2023-11-11
2023-11-06,SN8,C,2023-11-06,2023-11-07
2023-11-07,SN1,B,2023-11-06,2023-11-11
2023-11-07,SN4,C,2023-11-06,2023-11-07
2023-11-07,SN5,B,2023-11-06,2023-11-11
2023-11-07,SN8,C,2023-11-06,2023-11-07
2023-11-08,SN1,B,2023-11-06,2023-11-11
2023-11-08,SN5,B,2023-11-06,2023-11-11
2023-11-09,SN1,B,2023-11-06,2023-11-11
2023-11-09,SN5,B,2023-11-06,2023-11-11
2023-11-10,SN1,B,2023-11-06,2023-11-11
2023-11-10,SN5,B,2023-11-06,2023-11-11
2023-11-11,SN1,B,2023-11-06,2023-11-11
2023-11-11,SN5,B,2023-11-06,2023-11-11
2023-11-12,SN2,A,2023-11-12,2023-11-27
2023-11-12,SN3,A,2023-11-12,2023-11-27
2023-11-12,SN5,A,2023-11-12,2023-11-27
2023-11-12,SN6,A,2023-11-12,2023-11-27
2023-11-13,SN2,A,2023-11-12,2023-11-27
2023-11-13,SN3,A,2023-11-12,2023-11-27
2023-11-13,SN5,A,2023-11-12,2023-11-27
2023-11-13,SN6,A,2023-11-12,2023-11-27
2023-11-14,SN2,A,2023-11-12,2023-11-27
2023-11-14,SN3,A,2023-11-12,2023-11-27
2023-11-14,SN5,A,2023-11-12,2023-11-27
2023-11-14,SN6,A,2023-11-12,2023-11-27
2023-11-15,SN2,A,2023-11-12,2023-11-27
2023-11-15,SN3,A,2023-11-12,2023-11-27
2023-11-15,SN5,A,2023-11-12,2023-11-27
2023-11-15,SN6,A,2023-11-12,2023-11-27
2023-11-16,SN2,A,2023-11-12,2023-11-27
2023-11-16,SN3,A,2023-11-12,2023-11-27
2023-11-16,SN4,D,2023-11-16,2023-11-18
2023-11-16,SN5,A,2023-11-12,2023-11-27
2023-11-16,SN6,A,2023-11-12,2023-11-27
2023-11-16,SN8,D,2023-11-16,2023-11-18
2023-11-17,SN2,A,2023-11-12,2023-11-27
2023-11-17,SN3,A,2023-11-12,2023-11-27
2023-11-17,SN4,D,2023-11-16,2023-11-18
2023-11-17,SN5,A,2023-11-12,2023-11-27
2023-11-17,SN6,A,2023-11-12,2023-11-27
2023-11-17,SN8,D,2023-11-16,2023-11-18
2023-11-18,SN2,A,2023-11-12,2023-11-27
2023-11-18,SN3,A,2023-11-12,2023-11-27
2023-11-18,SN4,D,2023-11-16,2023-11-18
2023-11-18,SN4,E,2023-11-18,2023-12-03
2023-11-18,SN5,A,2023-11-12,2023-11-27
2023-11-18,SN6,A,2023-11-12,2023-11-27
2023-11-18,SN8,D,2023-11-16,2023-11-18
2023-11-18,SN8,E,2023-11-18,2023-12-03
2023-11-19,SN2,A,2023-11-12,2023-11-27
2023-11-19,SN3,A,2023-11-12,2023-11-27
2023-11-19,SN4,E,2023-11-18,2023-12-03
2023-11-19,SN5,A,2023-11-12,2023-11-27
2023-11-19,SN6,A,2023-11-12,2023-11-27
2023-11-19,SN8,E,2023-11-18,2023-12-03
2023-11-20,SN2,A,2023-11-12,2023-11-27
2023-11-20,SN3,A,2023-11-12,2023-11-27
2023-11-20,SN4,E,2023-11-18,2023-12-03
2023-11-20,SN5,A,2023-11-12,2023-11-27
2023-11-20,SN6,A,2023-11-12,2023-11-27
2023-11-20,SN8,E,2023-11-18,2023-12-03
2023-11-21,SN2,A,2023-11-12,2023-11-27
2023-11-21,SN3,A,2023-11-12,2023-11-27
2023-11-21,SN4,E,2023-11-18,2023-12-03
2023-11-21,SN5,A,2023-11-12,2023-11-27
2023-11-21,SN6,A,2023-11-12,2023-11-27
2023-11-21,SN8,E,2023-11-18,2023-12-03
2023-11-22,SN2,A,2023-11-12,2023-11-27
2023-11-22,SN3,A,2023-11-12,2023-11-27
2023-11-22,SN4,E,2023-11-18,2023-12-03
2023-11-22,SN5,A,2023-11-12,2023-11-27
2023-11-22,SN6,A,2023-11-12,2023-11-27
2023-11-22,SN8,E,2023-11-18,2023-12-03
2023-11-23,SN2,A,2023-11-12,2023-11-27
2023-11-23,SN3,A,2023-11-12,2023-11-27
2023-11-23,SN4,E,2023-11-18,2023-12-03
2023-11-23,SN5,A,2023-11-12,2023-11-27
2023-11-23,SN6,A,2023-11-12,2023-11-27
2023-11-23,SN8,E,2023-11-18,2023-12-03
2023-11-24,SN2,A,2023-11-12,2023-11-27
2023-11-24,SN3,A,2023-11-12,2023-11-27
2023-11-24,SN4,E,2023-11-18,2023-12-03
2023-11-24,SN5,A,2023-11-12,2023-11-27
2023-11-24,SN6,A,2023-11-12,2023-11-27
2023-11-24,SN8,E,2023-11-18,2023-12-03
2023-11-25,SN2,A,2023-11-12,2023-11-27
2023-11-25,SN3,A,2023-11-12,2023-11-27
2023-11-25,SN4,E,2023-11-18,2023-12-03
2023-11-25,SN5,A,2023-11-12,2023-11-27
2023-11-25,SN6,A,2023-11-12,2023-11-27
2023-11-25,SN8,E,2023-11-18,2023-12-03
2023-11-26,SN2,A,2023-11-12,2023-11-27
2023-11-26,SN3,A,2023-11-12,2023-11-27
2023-11-26,SN4,E,2023-11-18,2023-12-03
2023-11-26,SN5,A,2023-11-12,2023-11-27
2023-11-26,SN6,A,2023-11-12,2023-11-27
2023-11-26,SN8,E,2023-11-18,2023-12-03
2023-11-27,SN2,A,2023-11-12,2023-11-27
2023-11-27,SN2,B,2023-11-27,2023-12-02
2023-11-27,SN3,A,2023-11-12,2023-11-27
2023-11-27,SN3,B,2023-11-27,2023-12-02
2023-11-27,SN4,E,2023-11-18,2023-12-03
2023-11-27,SN5,A,2023-11-12,2023-11-27
2023-11-27,SN5,B,2023-11-27,2023-12-02
2023-11-27,SN6,A,2023-11-12,2023-11-27
2023-11-27,SN6,B,2023-11-27,2023-12-02
2023-11-27,SN8,E,2023-11-18,2023-12-03
2023-11-28,SN2,B,2023-11-27,2023-12-02
2023-11-28,SN3,B,2023-11-27,2023-12-02
2023-11-28,SN4,E,2023-11-18,2023-12-03
2023-11-28,SN5,B,2023-11-27,2023-12-02
2023-11-28,SN6,B,2023-11-27,2023-12-02
2023-11-28,SN8,E,2023-11-18,2023-12-03
2023-11-29,SN2,B,2023-11-27,2023-12-02
2023-11-29,SN3,B,2023-11-27,2023-12-02
2023-11-29,SN4,E,2023-11-18,2023-12-03
2023-11-29,SN5,B,2023-11-27,2023-12-02
2023-11-29,SN6,B,2023-11-27,2023-12-02
2023-11-29,SN8,E,2023-11-18,2023-12-03
2023-11-30,SN2,B,2023-11-27,2023-12-02
2023-11-30,SN3,B,2023-11-27,2023-12-02
2023-11-30,SN4,E,2023-11-18,2023-12-03
2023-11-30,SN5,B,2023-11-27,2023-12-02
2023-11-30,SN6,B,2023-11-27,2023-12-02
2023-11-30,SN8,E,2023-11-18,2023-12-03
2023-12-01,SN2,B,2023-11-27,2023-12-02
2023-12-01,SN3,B,2023-11-27,2023-12-02
2023-12-01,SN4,E,2023-11-18,2023-12-03
2023-12-01,SN5,B,2023-11-27,2023-12-02
2023-12-01,SN6,B,2023-11-27,2023-12-02
2023-12-01,SN8,E,2023-11-18,2023-12-03
2023-12-02,SN2,B,2023-11-27,2023-12-02
2023-12-02,SN3,B,2023-11-27,2023-12-02
2023-12-02,SN4,E,2023-11-18,2023-12-03
2023-12-02,SN5,B,2023-11-27,2023-12-02
2023-12-02,SN6,B,2023-11-27,2023-12-02
2023-12-02,SN8,E,2023-11-18,2023-12-03
2023-12-03,SN4,E,2023-11-18,2023-12-03
2023-12-03,SN4,D,2023-12-03,2023-12-05
2023-12-03,SN8,E,2023-11-18,2023-12-03
2023-12-03,SN8,D,2023-12-03,2023-12-05
2023-12-04,SN4,D,2023-12-03,2023-12-05
2023-12-04,SN8,D,2023-12-03,2023-12-05
2023-12-05,SN4,D,2023-12-03,2023-12-05
2023-12-05,SN8,D,2023-12-03,2023-12-05
2023-12-12,SN1,A,2023-12-12,2023-12-27
2023-12-12,SN7,A,2023-12-12,2023-12-27
2023-12-13,SN1,A,2023-12-12,2023-12-27
2023-12-13,SN7,A,2023-12-12,2023-12-27
2023-12-14,SN1,A,2023-12-12,2023-12-27
2023-12-14,SN7,A,2023-12-12,2023-12-27
2023-12-15,SN1,A,2023-12-12,2023-12-27
2023-12-15,SN7,A,2023-12-12,2023-12-27
2023-12-16,SN1,A,2023-12-12,2023-12-27
2023-12-16,SN7,A,2023-12-12,2023-12-27
2023-12-17,SN1,A,2023-12-12,2023-12-27
2023-12-17,SN7,A,2023-12-12,2023-12-27
2023-12-18,SN1,A,2023-12-12,2023-12-27
2023-12-18,SN7,A,2023-12-12,2023-12-27
2023-12-19,SN1,A,2023-12-12,2023-12-27
2023-12-19,SN4,C,2023-12-19,2023-12-20
2023-12-19,SN7,A,2023-12-12,2023-12-27
2023-12-19,SN8,C,2023-12-19,2023-12-20
2023-12-20,SN1,A,2023-12-12,2023-12-27
2023-12-20,SN2,C,2023-12-20,2023-12-21
2023-12-20,SN3,C,2023-12-20,2023-12-21
2023-12-20,SN4,C,2023-12-19,2023-12-20
2023-12-20,SN4,B,2023-12-20,2023-12-25
2023-12-20,SN5,C,2023-12-20,2023-12-21
2023-12-20,SN6,C,2023-12-20,2023-12-21
2023-12-20,SN7,A,2023-12-12,2023-12-27
2023-12-20,SN8,C,2023-12-19,2023-12-20
2023-12-20,SN8,B,2023-12-20,2023-12-25
2023-12-21,SN1,A,2023-12-12,2023-12-27
2023-12-21,SN2,C,2023-12-20,2023-12-21
2023-12-21,SN3,C,2023-12-20,2023-12-21
2023-12-21,SN4,B,2023-12-20,2023-12-25
2023-12-21,SN5,C,2023-12-20,2023-12-21
2023-12-21,SN6,C,2023-12-20,2023-12-21
2023-12-21,SN7,A,2023-12-12,2023-12-27
2023-12-21,SN8,B,2023-12-20,2023-12-25
2023-12-22,SN1,A,2023-12-12,2023-12-27
2023-12-22,SN4,B,2023-12-20,2023-12-25
2023-12-22,SN7,A,2023-12-12,2023-12-27
2023-12-22,SN8,B,2023-12-20,2023-12-25
2023-12-23,SN1,A,2023-12-12,2023-12-27
2023-12-23,SN4,B,2023-12-20,2023-12-25
2023-12-23,SN7,A,2023-12-12,2023-12-27
2023-12-23,SN8,B,2023-12-20,2023-12-25
2023-12-24,SN1,A,2023-12-12,2023-12-27
2023-12-24,SN4,B,2023-12-20,2023-12-25
2023-12-24,SN7,A,2023-12-12,2023-12-27
2023-12-24,SN8,B,2023-12-20,2023-12-25
2023-12-25,SN1,A,2023-12-12,2023-12-27
2023-12-25,SN4,B,2023-12-20,2023-12-25
2023-12-25,SN7,A,2023-12-12,2023-12-27
2023-12-25,SN8,B,2023-12-20,2023-12-25
2023-12-26,SN1,A,2023-12-12,2023-12-27
2023-12-26,SN7,A,2023-12-12,2023-12-27
2023-12-27,SN1,A,2023-12-12,2023-12-27
2023-12-27,SN1,B,2023-12-27,2024-01-01
2023-12-27,SN7,A,2023-12-12,2023-12-27
2023-12-27,SN7,B,2023-12-27,2024-01-01
2023-12-28,SN1,B,2023-12-27,2024-01-01
2023-12-28,SN7,B,2023-12-27,2024-01-01
2023-12-29,SN1,B,2023-12-27,2024-01-01
2023-12-29,SN7,B,2023-12-27,2024-01-01
2023-12-30,SN1,B,2023-12-27,2024-01-01
2023-12-30,SN7,B,2023-12-27,2024-01-01
2023-12-31,SN1,B,2023-12-27,2024-01-01
2023-12-31,SN2,D,2023-12-31,2024-01-02
2023-12-31,SN3,D,2023-12-31,2024-01-02
2023-12-31,SN5,D,2023-12-31,2024-01-02
2023-12-31,SN6,D,2023-12-31,2024-01-02
2023-12-31,SN7,B,2023-12-27,2024-01-01
2024-01-01,SN1,B,2023-12-27,2024-01-01
2024-01-01,SN2,D,2023-12-31,2024-01-02
2024-01-01,SN3,D,2023-12-31,2024-01-02
2024-01-01,SN5,D,2023-12-31,2024-01-02
2024-01-01,SN6,D,2023-12-31,2024-01-02
2024-01-01,SN7,B,2023-12-27,2024-01-01
2024-01-02,SN2,D,2023-12-31,2024-01-02
2024-01-02,SN2,E,2024-01-02,2024-01-17
2024-01-02,SN3,D,2023-12-31,2024-01-02
2024-01-02,SN3,E,2024-01-02,2024-01-17
2024-01-02,SN5,D,2023-12-31,2024-01-02
2024-01-02,SN5,E,2024-01-02,2024-01-17
2024-01-02,SN6,D,2023-12-31,2024-01-02
2024-01-02,SN6,E,2024-01-02,2024-01-17
2024-01-03,SN2,E,2024-01-02,2024-01-17
2024-01-03,SN3,E,2024-01-02,2024-01-17
2024-01-03,SN5,E,2024-01-02,2024-01-17
2024-01-03,SN6,E,2024-01-02,2024-01-17
2024-01-04,SN2,E,2024-01-02,2024-01-17
2024-01-04,SN3,E,2024-01-02,2024-01-17
2024-01-04,SN5,E,2024-01-02,2024-01-17
2024-01-04,SN6,E,2024-01-02,2024-01-17
2024-01-05,SN2,E,2024-01-02,2024-01-17
2024-01-05,SN3,E,2024-01-02,2024-01-17
2024-01-05,SN5,E,2024-01-02,2024-01-17
2024-01-05,SN6,E,2024-01-02,2024-01-17
2024-01-06,SN2,E,2024-01-02,2024-01-17
2024-01-06,SN3,E,2024-01-02,2024-01-17
2024-01-06,SN5,E,2024-01-02,2024-01-17
2024-01-06,SN6,E,2024-01-02,2024-01-17
2024-01-07,SN2,E,2024-01-02,2024-01-17
2024-01-07,SN3,E,2024-01-02,2024-01-17
2024-01-07,SN5,E,2024-01-02,2024-01-17
2024-01-07,SN6,E,2024-01-02,2024-01-17
2024-01-08,SN2,E,2024-01-02,2024-01-17
2024-01-08,SN3,E,2024-01-02,2024-01-17
2024-01-08,SN5,E,2024-01-02,2024-01-17
2024-01-08,SN6,E,2024-01-02,2024-01-17
2024-01-09,SN2,E,2024-01-02,2024-01-17
2024-01-09,SN3,E,2024-01-02,2024-01-17
2024-01-09,SN5,E,2024-01-02,2024-01-17
2024-01-09,SN6,E,2024-01-02,2024-01-17
2024-01-10,SN2,E,2024-01-02,2024-01-17
2024-01-10,SN3,E,2024-01-02,2024-01-17
2024-01-10,SN5,E,2024-01-02,2024-01-17
2024-01-10,SN6,E,2024-01-02,2024-01-17
2024-01-11,SN2,E,2024-01-02,2024-01-17
2024-01-11,SN3,E,2024-01-02,2024-01-17
2024-01-11,SN5,E,2024-01-02,2024-01-17
2024-01-11,SN6,E,2024-01-02,2024-01-17
2024-01-12,SN2,E,2024-01-02,2024-01-17
2024-01-12,SN3,E,2024-01-02,2024-01-17
2024-01-12,SN5,E,2024-01-02,2024-01-17
2024-01-12,SN6,E,2024-01-02,2024-01-17
2024-01-13,SN2,E,2024-01-02,2024-01-17
2024-01-13,SN3,E,2024-01-02,2024-01-17
2024-01-13,SN5,E,2024-01-02,2024-01-17
2024-01-13,SN6,E,2024-01-02,2024-01-17
2024-01-14,SN2,E,2024-01-02,2024-01-17
2024-01-14,SN3,E,2024-01-02,2024-01-17
2024-01-14,SN5,E,2024-01-02,2024-01-17
2024-01-14,SN6,E,2024-01-02,2024-01-17
2024-01-15,SN2,E,2024-01-02,2024-01-17
2024-01-15,SN3,E,2024-01-02,2024-01-17
2024-01-15,SN5,E,2024-01-02,2024-01-17
2024-01-15,SN6,E,2024-01-02,2024-01-17
2024-01-16,SN2,E,2024-01-02,2024-01-17
2024-01-16,SN3,E,2024-01-02,2024-01-17
2024-01-16,SN5,E,2024-01-02,2024-01-17
2024-01-16,SN6,E,2024-01-02,2024-01-17
2024-01-17,SN2,E,2024-01-02,2024-01-17
2024-01-17,SN2,D,2024-01-17,2024-01-19
2024-01-17,SN3,E,2024-01-02,2024-01-17
2024-01-17,SN3,D,2024-01-17,2024-01-19
2024-01-17,SN5,E,2024-01-02,2024-01-17
2024-01-17,SN5,D,2024-01-17,2024-01-19
2024-01-17,SN6,E,2024-01-02,2024-01-17
2024-01-17,SN6,D,2024-01-17,2024-01-19
2024-01-18,SN2,D,2024-01-17,2024-01-19
2024-01-18,SN3,D,2024-01-17,2024-01-19
2024-01-18,SN5,D,2024-01-17,2024-01-19
2024-01-18,SN6,D,2024-01-17,2024-01-19
2024-01-19,SN2,D,2024-01-17,2024-01-19
2024-01-19,SN3,D,2024-01-17,2024-01-19
2024-01-19,SN5,D,2024-01-17,2024-01-19
2024-01-19,SN6,D,2024-01-17,2024-01-19
2024-01-31,SN2,C,2024-01-31,2024-02-01
2024-01-31,SN3,C,2024-01-31,2024-02-01
2024-01-31,SN5,C,2024-01-31,2024-02-01
2024-01-31,SN6,C,2024-01-31,2024-02-01
2024-02-01,SN1,C,2024-02-01,2024-02-02
2024-02-01,SN2,C,2024-01-31,2024-02-01
2024-02-01,SN2,B,2024-02-01,2024-02-06
2024-02-01,SN3,C,2024-01-31,2024-02-01
2024-02-01,SN3,B,2024-02-01,2024-02-06
2024-02-01,SN5,C,2024-01-31,2024-02-01
2024-02-01,SN5,B,2024-02-01,2024-02-06
2024-02-01,SN6,C,2024-01-31,2024-02-01
2024-02-01,SN6,B,2024-02-01,2024-02-06
2024-02-01,SN7,C,2024-02-01,2024-02-02
2024-02-02,SN1,C,2024-02-01,2024-02-02
2024-02-02,SN2,B,2024-02-01,2024-02-06
2024-02-02,SN3,B,2024-02-01,2024-02-06
2024-02-02,SN5,B,2024-02-01,2024-02-06
2024-02-02,SN6,B,2024-02-01,2024-02-06
2024-02-02,SN7,C,2024-02-01,2024-02-02
2024-02-03,SN2,B,2024-02-01,2024-02-06
2024-02-03,SN3,B,2024-02-01,2024-02-06
2024-02-03,SN5,B,2024-02-01,2024-02-06
2024-02-03,SN6,B,2024-02-01,2024-02-06
2024-02-04,SN2,B,2024-02-01,2024-02-06
2024-02-04,SN3,B,2024-02-01,2024-02-06
2024-02-04,SN5,B,2024-02-01,2024-02-06
2024-02-04,SN6,B,2024-02-01,2024-02-06
2024-02-05,SN2,B,2024-02-01,2024-02-06
2024-02-05,SN3,B,2024-02-01,2024-02-06
2024-02-05,SN5,B,2024-02-01,2024-02-06
2024-02-05,SN6,B,2024-02-01,2024-02-06
2024-02-06,SN2,B,2024-02-01,2024-02-06
2024-02-06,SN3,B,2024-02-01,2024-02-06
2024-02-06,SN5,B,2024-02-01,2024-02-06
2024-02-06,SN6,B,2024-02-01,2024-02-06
2024-02-14,SN1,D,2024-02-14,2024-02-16
2024-02-14,SN7,D,2024-02-14,2024-02-16
2024-02-15,SN1,D,2024-02-14,2024-02-16
2024-02-15,SN7,D,2024-02-14,2024-02-16
2024-02-16,SN1,D,2024-02-14,2024-02-16
2024-02-16,SN1,E,2024-02-16,2024-03-02
2024-02-16,SN7,D,2024-02-14,2024-02-16
2024-02-16,SN7,E,2024-02-16,2024-03-02
2024-02-17,SN1,E,2024-02-16,2024-03-02
2024-02-17,SN7,E,2024-02-16,2024-03-02
2024-02-18,SN1,E,2024-02-16,2024-03-02
2024-02-18,SN7,E,2024-02-16,2024-03-02
2024-02-19,SN1,E,2024-02-16,2024-03-02
2024-02-19,SN3,A,2024-02-19,2024-03-05
2024-02-19,SN5,A,2024-02-19,2024-03-05
2024-02-19,SN6,A,2024-02-19,2024-03-05
2024-02-19,SN7,E,2024-02-16,2024-03-02
2024-02-20,SN1,E,2024-02-16,2024-03-02
2024-02-20,SN3,A,2024-02-19,2024-03-05
2024-02-20,SN5,A,2024-02-19,2024-03-05
2024-02-20,SN6,A,2024-02-19,2024-03-05
2024-02-20,SN7,E,2024-02-16,2024-03-02
2024-02-21,SN1,E,2024-02-16,2024-03-02
2024-02-21,SN3,A,2024-02-19,2024-03-05
2024-02-21,SN5,A,2024-02-19,2024-03-05
2024-02-21,SN6,A,2024-02-19,2024-03-05
2024-02-21,SN7,E,2024-02-16,2024-03-02
2024-02-22,SN1,E,2024-02-16,2024-03-02
2024-02-22,SN3,A,2024-02-19,2024-03-05
2024-02-22,SN5,A,2024-02-19,2024-03-05
2024-02-22,SN6,A,2024-02-19,2024-03-05
2024-02-22,SN7,E,2024-02-16,2024-03-02
2024-02-23,SN1,E,2024-02-16,2024-03-02
2024-02-23,SN3,A,2024-02-19,2024-03-05
2024-02-23,SN5,A,2024-02-19,2024-03-05
2024-02-23,SN6,A,2024-02-19,2024-03-05
2024-02-23,SN7,E,2024-02-16,2024-03-02
2024-02-24,SN1,E,2024-02-16,2024-03-02
2024-02-24,SN3,A,2024-02-19,2024-03-05
2024-02-24,SN5,A,2024-02-19,2024-03-05
2024-02-24,SN6,A,2024-02-19,2024-03-05
2024-02-24,SN7,E,2024-02-16,2024-03-02
2024-02-25,SN1,E,2024-02-16,2024-03-02
2024-02-25,SN3,A,2024-02-19,2024-03-05
2024-02-25,SN5,A,2024-02-19,2024-03-05
2024-02-25,SN6,A,2024-02-19,2024-03-05
2024-02-25,SN7,E,2024-02-16,2024-03-02
2024-02-26,SN1,E,2024-02-16,2024-03-02
2024-02-26,SN3,A,2024-02-19,2024-03-05
2024-02-26,SN5,A,2024-02-19,2024-03-05
2024-02-26,SN6,A,2024-02-19,2024-03-05
2024-02-26,SN7,E,2024-02-16,2024-03-02
2024-02-27,SN1,E,2024-02-16,2024-03-02
2024-02-27,SN3,A,2024-02-19,2024-03-05
2024-02-27,SN5,A,2024-02-19,2024-03-05
2024-02-27,SN6,A,2024-02-19,2024-03-05
2024-02-27,SN7,E,2024-02-16,2024-03-02
2024-02-28,SN1,E,2024-02-16,2024-03-02
2024-02-28,SN3,A,2024-02-19,2024-03-05
2024-02-28,SN5,A,2024-02-19,2024-03-05
2024-02-28,SN6,A,2024-02-19,2024-03-05
2024-02-28,SN7,E,2024-02-16,2024-03-02
2024-02-29,SN1,E,2024-02-16,2024-03-02
2024-02-29,SN3,A,2024-02-19,2024-03-05
2024-02-29,SN5,A,2024-02-19,2024-03-05
2024-02-29,SN6,A,2024-02-19,2024-03-05
2024-02-29,SN7,E,2024-02-16,2024-03-02
2024-03-01,SN1,E,2024-02-16,2024-03-02
2024-03-01,SN3,A,2024-02-19,2024-03-05
2024-03-01,SN5,A,2024-02-19,2024-03-05
2024-03-01,SN6,A,2024-02-19,2024-03-05
2024-03-01,SN7,E,2024-02-16,2024-03-02
2024-03-02,SN1,E,2024-02-16,2024-03-02
2024-03-02,SN1,D,2024-03-02,2024-03-04
2024-03-02,SN3,A,2024-02-19,2024-03-05
2024-03-02,SN5,A,2024-02-19,2024-03-05
2024-03-02,SN6,A,2024-02-19,2024-03-05
2024-03-02,SN7,E,2024-02-16,2024-03-02
2024-03-02,SN7,D,2024-03-02,2024-03-04
2024-03-03,SN1,D,2024-03-02,2024-03-04
2024-03-03,SN3,A,2024-02-19,2024-03-05
2024-03-03,SN5,A,2024-02-19,2024-03-05
2024-03-03,SN6,A,2024-02-19,2024-03-05
2024-03-03,SN7,D,2024-03-02,2024-03-04
2024-03-04,SN1,D,2024-03-02,2024-03-04
2024-03-04,SN3,A,2024-02-19,2024-03-05
2024-03-04,SN5,A,2024-02-19,2024-03-05
2024-03-04,SN6,A,2024-02-19,2024-03-05
2024-03-04,SN7,D,2024-03-02,2024-03-04
2024-03-05,SN3,A,2024-02-19,2024-03-05
2024-03-05,SN3,B,2024-03-05,2024-03-10
2024-03-05,SN5,A,2024-02-19,2024-03-05
2024-03-05,SN5,B,2024-03-05,2024-03-10
2024-03-05,SN6,A,2024-02-19,2024-03-05
2024-03-05,SN6,B,2024-03-05,2024-03-10
2024-03-06,SN3,B,2024-03-05,2024-03-10
2024-03-06,SN5,B,2024-03-05,2024-03-10
2024-03-06,SN6,B,2024-03-05,2024-03-10
2024-03-07,SN3,B,2024-03-05,2024-03-10
2024-03-07,SN5,B,2024-03-05,2024-03-10
2024-03-07,SN6,B,2024-03-05,2024-03-10
2024-03-08,SN3,B,2024-03-05,2024-03-10
2024-03-08,SN5,B,2024-03-05,2024-03-10
2024-03-08,SN6,B,2024-03-05,2024-03-10
2024-03-09,SN3,B,2024-03-05,2024-03-10
2024-03-09,SN5,B,2024-03-05,2024-03-10
2024-03-09,SN6,B,2024-03-05,2024-03-10
2024-03-10,SN3,B,2024-03-05,2024-03-10
2024-03-10,SN5,B,2024-03-05,2024-03-10
2024-03-10,SN6,B,2024-03-05,2024-03-10
2024-03-18,SN1,C,2024-03-18,2024-03-19
2024-03-18,SN7,C,2024-03-18,2024-03-19
2024-03-19,SN1,C,2024-03-18,2024-03-19
2024-03-19,SN1,B,2024-03-19,2024-03-24
2024-03-19,SN3,C,2024-03-19,2024-03-20
2024-03-19,SN6,C,2024-03-19,2024-03-20
2024-03-19,SN7,C,2024-03-18,2024-03-19
2024-03-19,SN7,B,2024-03-19,2024-03-24
2024-03-20,SN1,B,2024-03-19,2024-03-24
2024-03-20,SN3,C,2024-03-19,2024-03-20
2024-03-20,SN6,C,2024-03-19,2024-03-20
2024-03-20,SN7,B,2024-03-19,2024-03-24
2024-03-21,SN1,B,2024-03-19,2024-03-24
2024-03-21,SN7,B,2024-03-19,2024-03-24
2024-03-22,SN1,B,2024-03-19,2024-03-24
2024-03-22,SN7,B,2024-03-19,2024-03-24
2024-03-23,SN1,B,2024-03-19,2024-03-24
2024-03-23,SN7,B,2024-03-19,2024-03-24
2024-03-24,SN1,B,2024-03-19,2024-03-24
2024-03-24,SN7,B,2024-03-19,2024-03-24
2024-03-30,SN3,D,2024-03-30,2024-04-01
2024-03-30,SN6,D,2024-03-30,2024-04-01
2024-03-31,SN3,D,2024-03-30,2024-04-01
2024-03-31,SN6,D,2024-03-30,2024-04-01
2024-04-01,SN3,D,2024-03-30,2024-04-01
2024-04-01,SN3,E,2024-04-01,2024-04-16
2024-04-01,SN6,D,2024-03-30,2024-04-01
2024-04-01,SN6,E,2024-04-01,2024-04-16
2024-04-02,SN3,E,2024-04-01,2024-04-16
2024-04-02,SN6,E,2024-04-01,2024-04-16
2024-04-03,SN3,E,2024-04-01,2024-04-16
2024-04-03,SN6,E,2024-04-01,2024-04-16
2024-04-04,SN3,E,2024-04-01,2024-04-16
2024-04-04,SN6,E,2024-04-01,2024-04-16
2024-04-05,SN3,E,2024-04-01,2024-04-16
2024-04-05,SN6,E,2024-04-01,2024-04-16
2024-04-06,SN3,E,2024-04-01,2024-04-16
2024-04-06,SN6,E,2024-04-01,2024-04-16
2024-04-07,SN3,E,2024-04-01,2024-04-16
2024-04-07,SN6,E,2024-04-01,2024-04-16
2024-04-08,SN3,E,2024-04-01,2024-04-16
2024-04-08,SN6,E,2024-04-01,2024-04-16
2024-04-09,SN3,E,2024-04-01,2024-04-16
2024-04-09,SN6,E,2024-04-01,2024-04-16
2024-04-10,SN3,E,2024-04-01,2024-04-16
2024-04-10,SN6,E,2024-04-01,2024-04-16
2024-04-11,SN3,E,2024-04-01,2024-04-16
2024-04-11,SN6,E,2024-04-01,2024-04-16
2024-04-12,SN3,E,2024-04-01,2024-04-16
2024-04-12,SN6,E,2024-04-01,2024-04-16
2024-04-13,SN3,E,2024-04-01,2024-04-16
2024-04-13,SN6,E,2024-04-01,2024-04-16
2024-04-14,SN3,E,2024-04-01,2024-04-16
2024-04-14,SN6,E,2024-04-01,2024-04-16
2024-04-15,SN3,E,2024-04-01,2024-04-16
2024-04-15,SN6,E,2024-04-01,2024-04-16
2024-04-16,SN3,E,2024-04-01,2024-04-16
2024-04-16,SN3,D,2024-04-16,2024-04-18
2024-04-16,SN6,E,2024-04-01,2024-04-16
2024-04-16,SN6,D,2024-04-16,2024-04-18
2024-04-17,SN3,D,2024-04-16,2024-04-18
2024-04-17,SN6,D,2024-04-16,2024-04-18
2024-04-18,SN3,D,2024-04-16,2024-04-18
2024-04-18,SN6,D,2024-04-16,2024-04-18
2024-05-01,SN3,C,2024-05-01,2024-05-02
2024-05-01,SN6,C,2024-05-01,2024-05-02
2024-05-02,SN3,C,2024-05-01,2024-05-02
2024-05-02,SN3,B,2024-05-02,2024-05-07
2024-05-02,SN6,C,2024-05-01,2024-05-02
2024-05-02,SN6,B,2024-05-02,2024-05-07
