Entry,Exit,A,AB,B,BC,C,CD,D,DE,E,Days,Inverted,Entry_Working_Day,Exit_Working_Day,Entry_precipitation_sum,Entry_rain_sum,Entry_snowfall_sum,Entry_wind_speed_10m_max,Entry_wind_gusts_10m_max,Entry_wind_direction_10m_dominant,Exit_precipitation_sum,Exit_rain_sum,Exit_snowfall_sum,Exit_wind_speed_10m_max,Exit_wind_gusts_10m_max,Exit_wind_direction_10m_dominant
2020-12-09,2020-12-24,2,0,0,0,0,0,0,0,0,15,0,1,1,12.000002,12.000002,0.0,26.980793,63.0,247.3075,0.0,0.0,0.0,21.897945,42.12,343.37125
2020-12-24,2020-12-24,0,2,0,0,0,0,0,0,0,0,0,1,1,0.0,0.0,0.0,21.897945,42.12,343.37125,0.0,0.0,0.0,21.897945,42.12,343.37125
2020-12-24,2020-12-29,0,0,2,0,0,0,0,0,0,5,0,1,1,0.0,0.0,0.0,21.897945,42.12,343.37125,3.7,3.7,0.0,19.174856,36.36,242.8069
2020-12-29,2020-12-29,0,0,0,2,0,0,0,0,0,0,0,1,1,3.7,3.7,0.0,19.174856,36.36,242.8069,3.7,3.7,0.0,19.174856,36.36,242.8069
2020-12-29,2020-12-30,0,0,0,0,2,0,0,0,0,1,0,1,1,3.7,3.7,0.0,19.174856,36.36,242.8069,17.6,17.6,0.0,21.096123,39.96,251.1156
2020-12-30,2021-01-10,0,0,0,0,0,2,0,0,0,11,0,1,0,17.6,17.6,0.0,21.096123,39.96,251.1156,0.0,0.0,0.0,12.144331,24.84,351.42484
2021-01-10,2021-01-12,0,0,0,0,0,0,2,0,0,2,0,0,1,0.0,0.0,0.0,12.144331,24.84,351.42484,2.0,2.0,0.0,16.73516,33.12,280.13187
2021-01-12,2021-01-12,0,0,0,0,0,0,0,2,0,0,0,1,1,2.0,2.0,0.0,16.73516,33.12,280.13187,2.0,2.0,0.0,16.73516,33.12,280.13187
2021-01-12,2021-01-27,0,0,0,0,0,0,0,0,2,15,0,1,1,2.0,2.0,0.0,16.73516,33.12,280.13187,0.6,0.6,0.0,18.416384,38.519997,253.16681
2021-01-27,2021-01-27,0,0,0,0,0,0,0,2,0,0,1,1,1,0.6,0.6,0.0,18.416384,38.519997,253.16681,0.6,0.6,0.0,18.416384,38.519997,253.16681
2021-01-27,2021-01-29,0,0,0,0,0,0,2,0,0,2,1,1,1,0.6,0.6,0.0,18.416384,38.519997,253.16681,12.499998,12.499998,0.0,33.55733,71.64,249.14357
2021-01-29,2021-02-08,0,0,0,0,0,2,0,0,0,10,1,1,1,12.499998,12.499998,0.0,33.55733,71.64,249.14357,13.400001,13.400001,0.0,20.617662,43.56,186.28355
2021-02-08,2021-02-09,0,0,0,0,2,0,0,0,0,1,1,1,1,13.400001,13.400001,0.0,20.617662,43.56,186.28355,2.1999998,2.1999998,0.0,16.267857,34.2,230.07678
2021-02-09,2021-02-09,0,0,0,1,0,0,0,0,0,0,1,1,1,2.1999998,2.1999998,0.0,16.267857,34.2,230.07678,2.1999998,2.1999998,0.0,16.267857,34.2,230.07678
2021-02-09,2021-02-14,0,0,1,0,0,0,0,0,0,5,1,1,0,2.1999998,2.1999998,0.0,16.267857,34.2,230.07678,0.0,0.0,0.0,19.95972,36.0,140.36986
2021-02-14,2021-07-22,0,1,0,0,0,0,0,0,0,158,1,0,1,0.0,0.0,0.0,19.95972,36.0,140.36986,0.1,0.1,0.0,18.861387,39.96,260.67508
2021-07-22,2021-08-06,2,0,0,0,0,0,0,0,0,30,0,1,1,0.1,0.1,0.0,18.861387,39.96,260.67508,2.1,2.1,0.0,27.0024,52.92,252.1926
2021-08-06,2021-08-06,0,4,0,0,0,0,0,0,0,0,0,1,1,2.1,2.1,0.0,27.0024,52.92,252.1926,2.1,2.1,0.0,27.0024,52.92,252.1926
2021-08-06,2021-08-11,0,0,4,0,0,0,0,0,0,5,0,1,1,2.1,2.1,0.0,27.0024,52.92,252.1926,0.0,0.0,0.0,15.546833,41.760002,291.16125
2021-08-11,2021-08-11,0,0,0,4,0,0,0,0,0,0,0,1,1,0.0,0.0,0.0,15.546833,41.760002,291.16125,0.0,0.0,0.0,15.546833,41.760002,291.16125
2021-08-11,2021-08-12,0,0,0,0,4,0,0,0,0,1,0,1,1,0.0,0.0,0.0,15.546833,41.760002,291.16125,0.0,0.0,0.0,10.105681,20.519999,328.04193
2021-08-12,2021-08-22,0,0,0,0,0,4,0,0,0,10,0,1,0,0.0,0.0,0.0,10.105681,20.519999,328.04193,0.0,0.0,0.0,18.692286,36.0,18.711866
2021-08-22,2021-08-24,0,0,0,0,0,0,4,0,0,2,0,0,1,0.0,0.0,0.0,18.692286,36.0,18.711866,0.0,0.0,0.0,12.313894,27.359999,36.141308
2021-08-24,2021-08-24,0,0,0,0,0,0,0,4,0,0,0,1,1,0.0,0.0,0.0,12.313894,27.359999,36.141308,0.0,0.0,0.0,12.313894,27.359999,36.141308
2021-08-24,2021-09-08,0,0,0,0,0,0,0,0,4,15,0,1,1,0.0,0.0,0.0,12.313894,27.359999,36.141308,3.6,3.6,0.0,10.587918,23.759998,249.18939
2021-09-08,2021-09-08,0,0,0,0,0,0,0,4,0,0,1,1,1,3.6,3.6,0.0,10.587918,23.759998,249.18939,3.6,3.6,0.0,10.587918,23.759998,249.18939
2021-09-08,2021-09-10,0,0,0,0,0,0,4,0,0,2,1,1,1,3.6,3.6,0.0,10.587918,23.759998,249.18939,0.0,0.0,0.0,11.165805,23.039999,46.292088
2021-09-10,2021-09-20,0,0,0,0,0,4,0,0,0,10,1,1,1,0.0,0.0,0.0,11.165805,23.039999,46.292088,0.3,0.3,0.0,13.896187,30.960001,14.538048
2021-09-15,2021-09-30,2,0,0,0,0,0,0,0,0,15,0,1,1,2.0,2.0,0.0,15.1884165,30.239998,304.59894,0.6,0.6,0.0,15.03835,36.719997,200.46234
2021-09-20,2021-09-21,0,0,0,0,4,0,0,0,0,1,1,1,1,0.3,0.3,0.0,13.896187,30.960001,14.538048,0.0,0.0,0.0,11.609651,23.759998,37.979256
2021-09-21,2021-09-21,0,0,0,4,0,0,0,0,0,0,1,1,1,0.0,0.0,0.0,11.609651,23.759998,37.979256,0.0,0.0,0.0,11.609651,23.759998,37.979256
2021-09-21,2021-09-26,0,0,4,0,0,0,0,0,0,5,1,1,0,0.0,0.0,0.0,11.609651,23.759998,37.979256,0.1,0.1,0.0,27.059933,50.76,268.90625
2021-09-26,2021-12-25,0,1,0,0,0,0,0,0,0,90,1,0,0,0.1,0.1,0.0,27.059933,50.76,268.90625,0.7,0.7,0.0,14.8257065,32.039997,196.93654
2021-09-26,2022-05-18,0,2,0,0,0,0,0,0,0,234,1,0,1,0.1,0.1,0.0,27.059933,50.76,268.90625,0.0,0.0,0.0,11.4862,26.64,182.86235
2021-09-26,2022-09-26,0,1,0,0,0,0,0,0,0,365,1,0,1,0.1,0.1,0.0,27.059933,50.76,268.90625,2.7,2.7,0.0,26.208395,50.399998,282.13678
2021-09-30,2021-09-30,0,2,0,0,0,0,0,0,0,0,0,1,1,0.6,0.6,0.0,15.03835,36.719997,200.46234,0.6,0.6,0.0,15.03835,36.719997,200.46234
2021-09-30,2021-10-05,0,0,2,0,0,0,0,0,0,5,0,1,1,0.6,0.6,0.0,15.03835,36.719997,200.46234,0.2,0.2,0.0,9.659814,19.8,312.84903
2021-10-05,2021-10-05,0,0,0,2,0,0,0,0,0,0,0,1,1,0.2,0.2,0.0,9.659814,19.8,312.84903,0.2,0.2,0.0,9.659814,19.8,312.84903
2021-10-05,2021-10-06,0,0,0,0,2,0,0,0,0,1,0,1,1,0.2,0.2,0.0,9.659814,19.8,312.84903,0.0,0.0,0.0,12.768586,25.199999,47.64045
2021-10-06,2021-10-17,0,0,0,0,0,2,0,0,0,11,0,1,0,0.0,0.0,0.0,12.768586,25.199999,47.64045,0.0,0.0,0.0,12.738099,24.48,136.74411
2021-10-17,2021-10-19,0,0,0,0,0,0,2,0,0,2,0,0,1,0.0,0.0,0.0,12.738099,24.48,136.74411,0.6,0.6,0.0,29.301878,56.88,223.87456
2021-10-19,2021-10-19,0,0,0,0,0,0,0,2,0,0,0,1,1,0.6,0.6,0.0,29.301878,56.88,223.87456,0.6,0.6,0.0,29.301878,56.88,223.87456
2021-10-19,2021-11-03,0,0,0,0,0,0,0,0,2,15,0,1,1,0.6,0.6,0.0,29.301878,56.88,223.87456,0.1,0.1,0.0,10.233123,20.519999,325.4598
2021-11-03,2021-11-03,0,0,0,0,0,0,0,2,0,0,1,1,1,0.1,0.1,0.0,10.233123,20.519999,325.4598,0.1,0.1,0.0,10.233123,20.519999,325.4598
2021-11-03,2021-11-05,0,0,0,0,0,0,2,0,0,2,1,1,1,0.1,0.1,0.0,10.233123,20.519999,325.4598,0.0,0.0,0.0,15.629972,30.599998,349.9217
2021-11-05,2021-11-16,0,0,0,0,0,2,0,0,0,11,1,1,1,0.0,0.0,0.0,15.629972,30.599998,349.9217,0.0,0.0,0.0,9.255571,19.08,308.29703
2021-11-16,2021-11-17,0,0,0,0,2,0,0,0,0,1,1,1,1,0.0,0.0,0.0,9.255571,19.08,308.29703,0.0,0.0,0.0,13.70839,27.0,24.69995
2021-11-17,2021-11-17,0,0,0,2,0,0,0,0,0,0,1,1,1,0.0,0.0,0.0,13.70839,27.0,24.69995,0.0,0.0,0.0,13.70839,27.0,24.69995
2021-11-17,2021-11-22,0,0,2,0,0,0,0,0,0,5,1,1,1,0.0,0.0,0.0,13.70839,27.0,24.69995,0.0,0.0,0.0,19.134262,33.839996,41.91989
2021-11-22,2022-05-18,0,1,0,0,0,0,0,0,0,177,1,1,1,0.0,0.0,0.0,19.134262,33.839996,41.91989,0.0,0.0,0.0,11.4862,26.64,182.86235
2021-11-22,2022-09-26,0,1,0,0,0,0,0,0,0,308,1,1,1,0.0,0.0,0.0,19.134262,33.839996,41.91989,2.7,2.7,0.0,26.208395,50.399998,282.13678
2021-12-25,2022-01-09,1,0,0,0,0,0,0,0,0,30,0,0,0,0.7,0.7,0.0,14.8257065,32.039997,196.93654,10.700001,10.700001,0.0,28.017622,50.76,313.727
2022-01-09,2022-01-09,0,2,0,0,0,0,0,0,0,0,0,0,0,10.700001,10.700001,0.0,28.017622,50.76,313.727,10.700001,10.700001,0.0,28.017622,50.76,313.727
2022-01-09,2022-01-14,0,0,2,0,0,0,0,0,0,5,0,0,1,10.700001,10.700001,0.0,28.017622,50.76,313.727,0.0,0.0,0.0,8.587338,12.959999,134.61891
2022-01-14,2022-01-14,0,0,0,2,0,0,0,0,0,0,0,1,1,0.0,0.0,0.0,8.587338,12.959999,134.61891,0.0,0.0,0.0,8.587338,12.959999,134.61891
2022-01-14,2022-01-15,0,0,0,0,2,0,0,0,0,1,0,1,0,0.0,0.0,0.0,8.587338,12.959999,134.61891,0.0,0.0,0.0,8.217153,16.56,43.544823
2022-01-15,2022-01-26,0,0,0,0,0,2,0,0,0,11,0,0,1,0.0,0.0,0.0,8.217153,16.56,43.544823,0.0,0.0,0.0,9.3669195,19.08,9.196594
2022-01-26,2022-01-28,0,0,0,0,0,0,2,0,0,2,0,1,1,0.0,0.0,0.0,9.3669195,19.08,9.196594,0.0,0.0,0.0,10.390226,21.96,46.613518
2022-01-28,2022-01-28,0,0,0,0,0,0,0,2,0,0,0,1,1,0.0,0.0,0.0,10.390226,21.96,46.613518,0.0,0.0,0.0,10.390226,21.96,46.613518
2022-01-28,2022-02-12,0,0,0,0,0,0,0,0,2,15,0,1,0,0.0,0.0,0.0,10.390226,21.96,46.613518,1.1,1.1,0.0,25.264202,49.32,172.06232
2022-02-12,2022-02-12,0,0,0,0,0,0,0,2,0,0,1,0,0,1.1,1.1,0.0,25.264202,49.32,172.06232,1.1,1.1,0.0,25.264202,49.32,172.06232
2022-02-12,2022-02-14,0,0,0,0,0,0,2,0,0,2,1,0,1,1.1,1.1,0.0,25.264202,49.32,172.06232,4.1000004,4.1000004,0.0,19.469976,37.44,252.81908
2022-02-14,2022-02-23,0,0,0,0,0,2,0,0,0,9,1,1,1,4.1000004,4.1000004,0.0,19.469976,37.44,252.81908,0.70000005,0.70000005,0.0,17.31746,34.56,287.72012
2022-02-23,2022-02-24,0,0,0,0,2,0,0,0,0,1,1,1,1,0.70000005,0.70000005,0.0,17.31746,34.56,287.72012,0.0,0.0,0.0,13.397612,25.919998,19.330791
2022-02-24,2022-02-24,0,0,0,2,0,0,0,0,0,0,1,1,1,0.0,0.0,0.0,13.397612,25.919998,19.330791,0.0,0.0,0.0,13.397612,25.919998,19.330791
2022-02-24,2022-03-01,0,0,2,0,0,0,0,0,0,5,1,1,1,0.0,0.0,0.0,13.397612,25.919998,19.330791,4.8,4.8,0.0,15.072783,28.08,179.32991
2022-03-01,2022-05-18,0,1,0,0,0,0,0,0,0,78,1,1,1,4.8,4.8,0.0,15.072783,28.08,179.32991,0.0,0.0,0.0,11.4862,26.64,182.86235
2022-03-01,2022-10-19,0,1,0,0,0,0,0,0,0,232,1,1,1,4.8,4.8,0.0,15.072783,28.08,179.32991,2.6,2.6,0.0,28.82249,51.839996,168.92982
2022-06-02,2022-06-02,0,4,0,0,0,0,0,0,0,0,0,1,1,30.000004,30.000004,0.0,15.696165,32.399998,162.613,30.000004,30.000004,0.0,15.696165,32.399998,162.613
2022-06-02,2022-06-07,0,0,4,0,0,0,0,0,0,5,0,1,1,30.000004,30.000004,0.0,15.696165,32.399998,162.613,11.2,11.2,0.0,22.104116,41.399998,268.17075
2022-06-07,2022-06-07,0,0,0,4,0,0,0,0,0,0,0,1,1,11.2,11.2,0.0,22.104116,41.399998,268.17075,11.2,11.2,0.0,22.104116,41.399998,268.17075
2022-06-07,2022-06-08,0,0,0,0,4,0,0,0,0,1,0,1,1,11.2,11.2,0.0,22.104116,41.399998,268.17075,0.0,0.0,0.0,16.981165,33.12,287.70612
2022-06-08,2022-06-19,0,0,0,0,0,4,0,0,0,11,0,1,0,0.0,0.0,0.0,16.981165,33.12,287.70612,42.1,42.1,0.0,16.981165,45.719997,351.7143
2022-06-19,2022-06-21,0,0,0,0,0,0,4,0,0,2,0,0,1,42.1,42.1,0.0,16.981165,45.719997,351.7143,31.5,31.5,0.0,20.63023,38.88,309.28006
2022-06-21,2022-06-21,0,0,0,0,0,0,0,4,0,0,0,1,1,31.5,31.5,0.0,20.63023,38.88,309.28006,31.5,31.5,0.0,20.63023,38.88,309.28006
2022-06-21,2022-07-06,0,0,0,0,0,0,0,0,4,15,0,1,1,31.5,31.5,0.0,20.63023,38.88,309.28006,0.0,0.0,0.0,15.328561,29.519999,341.8927
2022-07-06,2022-07-06,0,0,0,0,0,0,0,4,0,0,1,1,1,0.0,0.0,0.0,15.328561,29.519999,341.8927,0.0,0.0,0.0,15.328561,29.519999,341.8927
2022-07-06,2022-07-08,0,0,0,0,0,0,4,0,0,2,1,1,1,0.0,0.0,0.0,15.328561,29.519999,341.8927,0.0,0.0,0.0,13.70839,27.72,30.18429
2022-07-08,2022-07-18,0,0,0,0,0,4,0,0,0,10,1,1,1,0.0,0.0,0.0,13.70839,27.72,30.18429,0.0,0.0,0.0,20.291357,37.079998,296.09534
2022-07-18,2022-07-19,0,0,0,0,4,0,0,0,0,1,1,1,1,0.0,0.0,0.0,20.291357,37.079998,296.09534,0.90000004,0.90000004,0.0,19.0392,39.96,277.97495
2022-07-19,2022-07-19,0,0,0,4,0,0,0,0,0,0,1,1,1,0.90000004,0.90000004,0.0,19.0392,39.96,277.97495,0.90000004,0.90000004,0.0,19.0392,39.96,277.97495
2022-07-19,2022-07-24,0,0,4,0,0,0,0,0,0,5,1,1,0,0.90000004,0.90000004,0.0,19.0392,39.96,277.97495,0.4,0.4,0.0,22.3229,43.199997,279.38348
2022-07-24,2022-09-26,0,2,0,0,0,0,0,0,0,64,1,0,1,0.4,0.4,0.0,22.3229,43.199997,279.38348,2.7,2.7,0.0,26.208395,50.399998,282.13678
2022-07-24,2022-10-19,0,1,0,0,0,0,0,0,0,87,1,0,1,0.4,0.4,0.0,22.3229,43.199997,279.38348,2.6,2.6,0.0,28.82249,51.839996,168.92982
2022-07-24,2023-01-24,0,1,0,0,0,0,0,0,0,184,1,0,1,0.4,0.4,0.0,22.3229,43.199997,279.38348,0.2,0.2,0.0,14.458382,27.72,331.99976
2022-10-11,2022-10-11,0,4,0,0,0,0,0,0,0,0,0,1,1,0.2,0.2,0.0,11.090103,23.4,348.08237,0.2,0.2,0.0,11.090103,23.4,348.08237
2022-10-11,2022-10-16,0,0,4,0,0,0,0,0,0,5,0,1,0,0.2,0.2,0.0,11.090103,23.4,348.08237,11.099999,11.099999,0.0,16.904673,37.8,144.33768
2022-10-16,2022-10-16,0,0,0,4,0,0,0,0,0,0,0,0,0,11.099999,11.099999,0.0,16.904673,37.8,144.33768,11.099999,11.099999,0.0,16.904673,37.8,144.33768
2022-10-16,2022-10-17,0,0,0,0,4,0,0,0,0,1,0,0,1,11.099999,11.099999,0.0,16.904673,37.8,144.33768,0.0,0.0,0.0,17.826363,32.399998,128.57898
2022-10-17,2022-10-27,0,0,0,0,0,4,0,0,0,10,0,1,1,0.0,0.0,0.0,17.826363,32.399998,128.57898,0.0,0.0,0.0,17.057314,31.68,158.55757
2022-10-27,2022-10-29,0,0,0,0,0,0,4,0,0,2,0,1,0,0.0,0.0,0.0,17.057314,31.68,158.55757,8.4,8.4,0.0,11.246759,25.919998,118.162384
2022-10-29,2022-10-29,0,0,0,0,0,0,0,4,0,0,0,0,0,8.4,8.4,0.0,11.246759,25.919998,118.162384,8.4,8.4,0.0,11.246759,25.919998,118.162384
2022-10-29,2022-11-13,0,0,0,0,0,0,0,0,4,15,0,0,0,8.4,8.4,0.0,11.246759,25.919998,118.162384,4.6,4.6,0.0,14.404499,28.08,200.1282
2022-11-03,2022-11-03,0,2,0,0,0,0,0,0,0,0,0,1,1,5.6,5.6,0.0,28.496904,55.8,289.13556,5.6,5.6,0.0,28.496904,55.8,289.13556
2022-11-03,2022-11-08,0,0,2,0,0,0,0,0,0,5,0,1,1,5.6,5.6,0.0,28.496904,55.8,289.13556,4.4999995,4.4999995,0.0,13.339445,26.64,231.34013
2022-11-08,2022-11-08,0,0,0,2,0,0,0,0,0,0,0,1,1,4.4999995,4.4999995,0.0,13.339445,26.64,231.34013,4.4999995,4.4999995,0.0,13.339445,26.64,231.34013
2022-11-08,2022-11-09,0,0,0,0,2,0,0,0,0,1,0,1,1,4.4999995,4.4999995,0.0,13.339445,26.64,231.34013,0.0,0.0,0.0,9.793058,20.519999,129.6069
2022-11-09,2022-11-18,0,0,0,0,0,2,0,0,0,9,0,1,1,0.0,0.0,0.0,9.793058,20.519999,129.6069,4.1,4.1,0.0,10.829958,24.84,306.54352
2022-11-13,2022-11-13,0,0,0,0,0,0,0,4,0,0,1,0,0,4.6,4.6,0.0,14.404499,28.08,200.1282,4.6,4.6,0.0,14.404499,28.08,200.1282
2022-11-13,2022-11-15,0,0,0,0,0,0,4,0,0,2,1,0,1,4.6,4.6,0.0,14.404499,28.08,200.1282,5.4,5.4,0.0,27.288855,48.96,211.19138
2022-11-15,2022-11-26,0,0,0,0,0,4,0,0,0,11,1,1,0,5.4,5.4,0.0,27.288855,48.96,211.19138,3.9,3.9,0.0,14.512064,24.84,159.02315
2022-11-18,2022-11-20,0,0,0,0,0,0,2,0,0,2,0,1,0,4.1,4.1,0.0,10.829958,24.84,306.54352,11.900001,11.900001,0.0,31.845251,57.239998,241.6033
2022-11-20,2022-11-20,0,0,0,0,0,0,0,2,0,0,0,0,0,11.900001,11.900001,0.0,31.845251,57.239998,241.6033,11.900001,11.900001,0.0,31.845251,57.239998,241.6033
2022-11-20,2022-12-05,0,0,0,0,0,0,0,0,2,15,0,0,1,11.900001,11.900001,0.0,31.845251,57.239998,241.6033,0.0,0.0,0.0,10.853866,19.8,65.22491
2022-11-26,2022-11-27,0,0,0,0,4,0,0,0,0,1,1,0,0,3.9,3.9,0.0,14.512064,24.84,159.02315,10.999999,10.999999,0.0,23.411074,45.36,256.06158
2022-11-27,2022-11-27,0,0,0,4,0,0,0,0,0,0,1,0,0,10.999999,10.999999,0.0,23.411074,45.36,256.06158,10.999999,10.999999,0.0,23.411074,45.36,256.06158
2022-11-27,2022-12-02,0,0,4,0,0,0,0,0,0,5,1,0,1,10.999999,10.999999,0.0,23.411074,45.36,256.06158,0.8,0.8,0.0,9.114471,17.64,38.10761
2022-12-02,2023-04-14,0,2,0,0,0,0,0,0,0,133,1,1,1,0.8,0.8,0.0,9.114471,17.64,38.10761,0.90000004,0.90000004,0.0,25.72174,48.239998,305.31757
2022-12-02,2023-07-21,0,1,0,0,0,0,0,0,0,231,1,1,1,0.8,0.8,0.0,9.114471,17.64,38.10761,0.0,0.0,0.0,14.982228,28.44,307.19284
2022-12-02,2023-09-24,0,1,0,0,0,0,0,0,0,296,1,1,0,0.8,0.8,0.0,9.114471,17.64,38.10761,0.0,0.0,0.0,11.879999,19.08,98.08256
2022-12-05,2022-12-05,0,0,0,0,0,0,0,2,0,0,1,1,1,0.0,0.0,0.0,10.853866,19.8,65.22491,0.0,0.0,0.0,10.853866,19.8,65.22491
2022-12-05,2022-12-07,0,0,0,0,0,0,2,0,0,2,1,1,1,0.0,0.0,0.0,10.853866,19.8,65.22491,5.8,5.8,0.0,11.367109,21.599998,70.189064
2022-12-07,2022-12-19,0,0,0,0,0,2,0,0,0,12,1,1,1,5.8,5.8,0.0,11.367109,21.599998,70.189064,3.6999998,3.6999998,0.0,20.188908,35.28,167.86983
2022-12-19,2022-12-20,0,0,0,0,2,0,0,0,0,1,1,1,1,3.6999998,3.6999998,0.0,20.188908,35.28,167.86983,0.8,0.8,0.0,20.275385,34.92,219.60263
2022-12-20,2022-12-20,0,0,0,2,0,0,0,0,0,0,1,1,1,0.8,0.8,0.0,20.275385,34.92,219.60263,0.8,0.8,0.0,20.275385,34.92,219.60263
2022-12-20,2022-12-25,0,0,2,0,0,0,0,0,0,5,1,1,0,0.8,0.8,0.0,20.275385,34.92,219.60263,2.7,2.7,0.0,13.039754,26.28,237.59547
2022-12-25,2023-01-24,0,1,0,0,0,0,0,0,0,30,1,0,1,2.7,2.7,0.0,13.039754,26.28,237.59547,0.2,0.2,0.0,14.458382,27.72,331.99976
2022-12-25,2023-06-01,0,1,0,0,0,0,0,0,0,158,1,0,1,2.7,2.7,0.0,13.039754,26.28,237.59547,0.1,0.1,0.0,22.253124,44.28,61.01128
2023-02-08,2023-02-08,0,2,0,0,0,0,0,0,0,0,0,1,1,0.0,0.0,0.0,11.440978,14.04,90.63661,0.0,0.0,0.0,11.440978,14.04,90.63661
2023-02-08,2023-02-13,0,0,2,0,0,0,0,0,0,5,0,1,1,0.0,0.0,0.0,11.440978,14.04,90.63661,0.0,0.0,0.0,13.830749,26.28,124.49612
2023-02-13,2023-02-13,0,0,0,2,0,0,0,0,0,0,0,1,1,0.0,0.0,0.0,13.830749,26.28,124.49612,0.0,0.0,0.0,13.830749,26.28,124.49612
2023-02-13,2023-02-14,0,0,0,0,2,0,0,0,0,1,0,1,1,0.0,0.0,0.0,13.830749,26.28,124.49612,0.0,0.0,0.0,13.246826,24.48,141.22844
2023-02-14,2023-02-25,0,0,0,0,0,2,0,0,0,11,0,1,0,0.0,0.0,0.0,13.246826,24.48,141.22844,0.0,0.0,0.0,28.357857,54.0,14.767051
2023-02-25,2023-02-27,0,0,0,0,0,0,2,0,0,2,0,0,1,0.0,0.0,0.0,28.357857,54.0,14.767051,0.0,0.0,0.0,15.893093,30.599998,357.85706
2023-02-27,2023-02-27,0,0,0,0,0,0,0,2,0,0,0,1,1,0.0,0.0,0.0,15.893093,30.599998,357.85706,0.0,0.0,0.0,15.893093,30.599998,357.85706
2023-02-27,2023-03-14,0,0,0,0,0,0,0,0,2,15,0,1,1,0.0,0.0,0.0,15.893093,30.599998,357.85706,0.8000001,0.8000001,0.0,11.885453,20.519999,239.5603
2023-03-14,2023-03-14,0,0,0,0,0,0,0,2,0,0,1,1,1,0.8000001,0.8000001,0.0,11.885453,20.519999,239.5603,0.8000001,0.8000001,0.0,11.885453,20.519999,239.5603
2023-03-14,2023-03-16,0,0,0,0,0,0,2,0,0,2,1,1,1,0.8000001,0.8000001,0.0,11.885453,20.519999,239.5603,2.9,2.9,0.0,22.86496,40.32,160.16885
2023-03-16,2023-03-28,0,0,0,0,0,2,0,0,0,12,1,1,1,2.9,2.9,0.0,22.86496,40.32,160.16885,0.4,0.4,0.0,15.496736,27.0,160.62695
2023-03-28,2023-03-29,0,0,0,0,2,0,0,0,0,1,1,1,1,0.4,0.4,0.0,15.496736,27.0,160.62695,0.0,0.0,0.0,19.559633,33.48,217.99878
2023-03-29,2023-03-29,0,0,0,2,0,0,0,0,0,0,1,1,1,0.0,0.0,0.0,19.559633,33.48,217.99878,0.0,0.0,0.0,19.559633,33.48,217.99878
2023-03-29,2023-04-03,0,0,2,0,0,0,0,0,0,5,1,1,1,0.0,0.0,0.0,19.559633,33.48,217.99878,0.0,0.0,0.0,15.463246,32.399998,16.933586
2023-04-03,2023-04-14,0,2,0,0,0,0,0,0,0,11,1,1,1,0.0,0.0,0.0,15.463246,32.399998,16.933586,0.90000004,0.90000004,0.0,25.72174,48.239998,305.31757
2023-04-29,2023-04-29,0,4,0,0,0,0,0,0,0,0,0,0,0,1.5000001,1.5000001,0.0,19.8,38.16,307.74338,1.5000001,1.5000001,0.0,19.8,38.16,307.74338
2023-04-29,2023-05-04,0,0,4,0,0,0,0,0,0,5,0,0,1,1.5000001,1.5000001,0.0,19.8,38.16,307.74338,7.7999997,7.7999997,0.0,11.252519,20.519999,31.35702
2023-05-04,2023-05-04,0,0,0,4,0,0,0,0,0,0,0,1,1,7.7999997,7.7999997,0.0,11.252519,20.519999,31.35702,7.7999997,7.7999997,0.0,11.252519,20.519999,31.35702
2023-05-04,2023-05-05,0,0,0,0,4,0,0,0,0,1,0,1,1,7.7999997,7.7999997,0.0,11.252519,20.519999,31.35702,0.0,0.0,0.0,14.618837,29.16,212.82854
2023-05-05,2023-05-15,0,0,0,0,0,4,0,0,0,10,0,1,1,0.0,0.0,0.0,14.618837,29.16,212.82854,1.9000002,1.9000002,0.0,21.99538,42.48,8.340786
2023-05-15,2023-05-17,0,0,0,0,0,0,4,0,0,2,0,1,1,1.9000002,1.9000002,0.0,21.99538,42.48,8.340786,0.0,0.0,0.0,18.998314,37.8,8.053194
2023-05-17,2023-05-17,0,0,0,0,0,0,0,4,0,0,0,1,1,0.0,0.0,0.0,18.998314,37.8,8.053194,0.0,0.0,0.0,18.998314,37.8,8.053194
2023-05-17,2023-06-01,0,0,0,0,0,0,0,0,4,15,0,1,1,0.0,0.0,0.0,18.998314,37.8,8.053194,0.1,0.1,0.0,22.253124,44.28,61.01128
2023-06-01,2023-06-01,0,0,0,0,0,0,0,4,0,0,1,1,1,0.1,0.1,0.0,22.253124,44.28,61.01128,0.1,0.1,0.0,22.253124,44.28,61.01128
2023-06-01,2023-06-03,0,0,0,0,0,0,4,0,0,2,1,1,0,0.1,0.1,0.0,22.253124,44.28,61.01128,10.599999,10.599999,0.0,7.5942082,22.68,84.805756
2023-06-01,2023-06-16,1,0,0,0,0,0,0,0,0,30,0,1,1,0.1,0.1,0.0,22.253124,44.28,61.01128,9.900001,9.900001,0.0,16.595179,30.960001,146.68288
2023-06-03,2023-06-12,0,0,0,0,0,4,0,0,0,9,1,0,1,10.599999,10.599999,0.0,7.5942082,22.68,84.805756,16.6,16.6,0.0,13.32,29.519999,324.0608
2023-06-12,2023-06-13,0,0,0,0,4,0,0,0,0,1,1,1,1,16.6,16.6,0.0,13.32,29.519999,324.0608,0.4,0.4,0.0,24.905132,47.16,283.89273
2023-06-13,2023-06-13,0,0,0,4,0,0,0,0,0,0,1,1,1,0.4,0.4,0.0,24.905132,47.16,283.89273,0.4,0.4,0.0,24.905132,47.16,283.89273
2023-06-13,2023-06-18,0,0,4,0,0,0,0,0,0,5,1,1,0,0.4,0.4,0.0,24.905132,47.16,283.89273,26.2,26.2,0.0,19.137648,39.6,120.859184
2023-06-16,2023-06-16,0,2,0,0,0,0,0,0,0,0,0,1,1,9.900001,9.900001,0.0,16.595179,30.960001,146.68288,9.900001,9.900001,0.0,16.595179,30.960001,146.68288
2023-06-16,2023-06-21,0,0,2,0,0,0,0,0,0,5,0,1,1,9.900001,9.900001,0.0,16.595179,30.960001,146.68288,27.900002,27.900002,0.0,19.33639,38.88,287.5859
2023-06-18,2023-07-21,0,3,0,0,0,0,0,0,0,33,1,0,1,26.2,26.2,0.0,19.137648,39.6,120.859184,0.0,0.0,0.0,14.982228,28.44,307.19284
2023-06-18,2023-09-24,0,1,0,0,0,0,0,0,0,98,1,0,0,26.2,26.2,0.0,19.137648,39.6,120.859184,0.0,0.0,0.0,11.879999,19.08,98.08256
2023-06-21,2023-06-21,0,0,0,2,0,0,0,0,0,0,0,1,1,27.900002,27.900002,0.0,19.33639,38.88,287.5859,27.900002,27.900002,0.0,19.33639,38.88,287.5859
2023-06-21,2023-06-22,0,0,0,0,2,0,0,0,0,1,0,1,1,27.900002,27.900002,0.0,19.33639,38.88,287.5859,0.0,0.0,0.0,10.086427,18.72,336.4477
2023-06-22,2023-07-03,0,0,0,0,0,2,0,0,0,11,0,1,1,0.0,0.0,0.0,10.086427,18.72,336.4477,0.3,0.3,0.0,21.707731,41.760002,255.55725
2023-07-03,2023-07-05,0,0,0,0,0,0,2,0,0,2,0,1,1,0.3,0.3,0.0,21.707731,41.760002,255.55725,6.3,6.3,0.0,11.885453,21.599998,8.267088
2023-07-05,2023-07-05,0,0,0,0,0,0,0,2,0,0,0,1,1,6.3,6.3,0.0,11.885453,21.599998,8.267088,6.3,6.3,0.0,11.885453,21.599998,8.267088
2023-07-05,2023-07-20,0,0,0,0,0,0,0,0,2,15,0,1,1,6.3,6.3,0.0,11.885453,21.599998,8.267088,0.90000004,0.90000004,0.0,15.072783,29.519999,299.65344
2023-07-20,2023-07-20,0,0,0,0,0,0,0,2,0,0,1,1,1,0.90000004,0.90000004,0.0,15.072783,29.519999,299.65344,0.90000004,0.90000004,0.0,15.072783,29.519999,299.65344
2023-07-20,2023-07-22,0,0,0,0,0,0,2,0,0,2,1,1,0,0.90000004,0.90000004,0.0,15.072783,29.519999,299.65344,0.1,0.1,0.0,11.384198,21.96,258.3407
2023-07-22,2023-07-31,0,0,0,0,0,2,0,0,0,9,1,0,1,0.1,0.1,0.0,11.384198,21.96,258.3407,9.8,9.8,0.0,22.7057,44.28,259.89288
2023-07-31,2023-08-01,0,0,0,0,2,0,0,0,0,1,1,1,1,9.8,9.8,0.0,22.7057,44.28,259.89288,1.4,1.4,0.0,34.981182,63.72,251.71422
2023-08-01,2023-08-01,0,0,0,2,0,0,0,0,0,0,1,1,1,1.4,1.4,0.0,34.981182,63.72,251.71422,1.4,1.4,0.0,34.981182,63.72,251.71422
2023-08-01,2023-08-06,0,0,2,0,0,0,0,0,0,5,1,1,0,1.4,1.4,0.0,34.981182,63.72,251.71422,0.0,0.0,0.0,9.983106,21.599998,3.2121334
2023-08-05,2023-08-05,0,4,0,0,0,0,0,0,0,0,0,0,0,0.5,0.5,0.0,16.418526,33.48,304.79834,0.5,0.5,0.0,16.418526,33.48,304.79834
2023-08-05,2023-08-10,0,0,4,0,0,0,0,0,0,5,0,0,1,0.5,0.5,0.0,16.418526,33.48,304.79834,0.0,0.0,0.0,10.296251,18.359999,9.593087
2023-08-06,2023-08-22,0,2,0,0,0,0,0,0,0,16,1,0,1,0.0,0.0,0.0,9.983106,21.599998,3.2121334,0.0,0.0,0.0,9.422101,19.44,100.35691
2023-08-10,2023-08-10,0,0,0,4,0,0,0,0,0,0,0,1,1,0.0,0.0,0.0,10.296251,18.359999,9.593087,0.0,0.0,0.0,10.296251,18.359999,9.593087
2023-08-10,2023-08-11,0,0,0,0,4,0,0,0,0,1,0,1,1,0.0,0.0,0.0,10.296251,18.359999,9.593087,1.0,1.0,0.0,13.684735,29.16,298.89417
2023-08-11,2023-08-21,0,0,0,0,0,4,0,0,0,10,0,1,1,1.0,1.0,0.0,13.684735,29.16,298.89417,0.0,0.0,0.0,11.841756,21.599998,331.13492
2023-08-21,2023-08-23,0,0,0,0,0,0,4,0,0,2,0,1,1,0.0,0.0,0.0,11.841756,21.599998,331.13492,0.0,0.0,0.0,20.12461,47.88,210.46544
2023-08-23,2023-08-23,0,0,0,0,0,0,0,4,0,0,0,1,1,0.0,0.0,0.0,20.12461,47.88,210.46544,0.0,0.0,0.0,20.12461,47.88,210.46544
2023-08-23,2023-09-07,0,0,0,0,0,0,0,0,4,15,0,1,1,0.0,0.0,0.0,20.12461,47.88,210.46544,0.0,0.0,0.0,11.304229,24.48,122.7166
2023-09-06,2023-09-06,0,2,0,0,0,0,0,0,0,0,0,1,1,0.0,0.0,0.0,13.18308,25.56,121.80721,0.0,0.0,0.0,13.18308,25.56,121.80721
2023-09-06,2023-09-11,0,0,2,0,0,0,0,0,0,5,0,1,1,0.0,0.0,0.0,13.18308,25.56,121.80721,22.300001,22.300001,0.0,10.495713,22.68,290.91608
2023-09-07,2023-09-07,0,0,0,0,0,0,0,4,0,0,1,1,1,0.0,0.0,0.0,11.304229,24.48,122.7166,0.0,0.0,0.0,11.304229,24.48,122.7166
2023-09-07,2023-09-09,0,0,0,0,0,0,4,0,0,2,1,1,0,0.0,0.0,0.0,11.304229,24.48,122.7166,0.1,0.1,0.0,9.726664,33.48,103.32451
2023-09-09,2023-09-21,0,0,0,0,0,4,0,0,0,12,1,0,1,0.1,0.1,0.0,9.726664,33.48,103.32451,3.7999995,3.7999995,0.0,21.470612,38.88,242.38042
2023-09-11,2023-09-11,0,0,0,2,0,0,0,0,0,0,0,1,1,22.300001,22.300001,0.0,10.495713,22.68,290.91608,22.300001,22.300001,0.0,10.495713,22.68,290.91608
2023-09-11,2023-09-12,0,0,0,0,2,0,0,0,0,1,0,1,1,22.300001,22.300001,0.0,10.495713,22.68,290.91608,0.6,0.6,0.0,11.988594,25.56,301.47675
2023-09-12,2023-09-22,0,0,0,0,0,2,0,0,0,10,0,1,1,0.6,0.6,0.0,11.988594,25.56,301.47675,0.2,0.2,0.0,14.255272,26.64,265.10095
2023-09-21,2023-09-22,0,0,0,0,4,0,0,0,0,1,1,1,1,3.7999995,3.7999995,0.0,21.470612,38.88,242.38042,0.2,0.2,0.0,14.255272,26.64,265.10095
2023-09-22,2023-09-22,0,0,0,4,0,0,0,0,0,0,1,1,1,0.2,0.2,0.0,14.255272,26.64,265.10095,0.2,0.2,0.0,14.255272,26.64,265.10095
2023-09-22,2023-09-24,0,0,0,0,0,0,2,0,0,2,0,1,0,0.2,0.2,0.0,14.255272,26.64,265.10095,0.0,0.0,0.0,11.879999,19.08,98.08256
2023-09-22,2023-09-27,0,0,4,0,0,0,0,0,0,5,1,1,1,0.2,0.2,0.0,14.255272,26.64,265.10095,0.0,0.0,0.0,13.392774,25.919998,208.09929
2023-09-24,2023-09-24,0,0,0,0,0,0,0,2,0,0,0,0,0,0.0,0.0,0.0,11.879999,19.08,98.08256,0.0,0.0,0.0,11.879999,19.08,98.08256
2023-09-24,2023-10-09,0,0,0,0,0,0,0,0,2,30,0,0,1,0.0,0.0,0.0,11.879999,19.08,98.08256,0.0,0.0,0.0,9.83268,12.24,317.0309
2023-09-27,2023-11-12,0,3,0,0,0,0,0,0,0,46,1,1,0,0.0,0.0,0.0,13.392774,25.919998,208.09929,4.1,4.1,0.0,17.208603,31.319998,222.45624
2023-09-27,2024-02-19,0,1,0,0,0,0,0,0,0,145,1,1,1,0.0,0.0,0.0,13.392774,25.919998,208.09929,1.1,1.1,0.0,9.178235,16.199999,233.03937
2023-10-09,2023-10-09,0,2,0,0,0,0,0,2,0,0,1,1,1,0.0,0.0,0.0,9.83268,12.24,317.0309,0.0,0.0,0.0,9.83268,12.24,317.0309
2023-10-09,2023-10-11,0,0,0,0,0,0,2,0,0,2,1,1,1,0.0,0.0,0.0,9.83268,12.24,317.0309,0.0,0.0,0.0,10.495713,18.0,147.23279
2023-10-09,2023-10-14,0,0,2,0,0,0,0,0,0,5,0,1,0,0.0,0.0,0.0,9.83268,12.24,317.0309,0.0,0.0,0.0,14.168641,29.88,47.040855
2023-10-11,2023-10-21,0,0,0,0,0,2,0,0,0,10,1,1,0,0.0,0.0,0.0,10.495713,18.0,147.23279,0.6,0.6,0.0,15.281989,30.960001,140.3431
2023-10-14,2023-10-14,0,0,0,2,0,0,0,0,0,0,0,0,0,0.0,0.0,0.0,14.168641,29.88,47.040855,0.0,0.0,0.0,14.168641,29.88,47.040855
2023-10-14,2023-10-15,0,0,0,0,2,0,0,0,0,1,0,0,0,0.0,0.0,0.0,14.168641,29.88,47.040855,0.0,0.0,0.0,14.799459,25.199999,96.052536
2023-10-15,2023-10-26,0,0,0,0,0,2,0,0,0,11,0,0,1,0.0,0.0,0.0,14.799459,25.199999,96.052536,10.400001,10.400001,0.0,31.956972,60.479996,236.75696
2023-10-21,2023-10-22,0,0,0,0,2,0,0,0,0,1,1,0,0,0.6,0.6,0.0,15.281989,30.960001,140.3431,14.500001,14.500001,0.0,18.440998,33.839996,233.77875
2023-10-22,2023-10-22,0,0,0,2,0,0,0,0,0,0,1,0,0,14.500001,14.500001,0.0,18.440998,33.839996,233.77875,14.500001,14.500001,0.0,18.440998,33.839996,233.77875
2023-10-22,2023-10-27,0,0,2,0,0,0,0,0,0,5,1,0,1,14.500001,14.500001,0.0,18.440998,33.839996,233.77875,4.3999996,4.3999996,0.0,29.035288,55.44,195.40808
2023-10-26,2023-10-28,0,0,0,0,0,0,2,0,0,2,0,1,0,10.400001,10.400001,0.0,31.956972,60.479996,236.75696,32.3,32.3,0.0,16.055355,49.68,192.04778
2023-10-27,2023-11-12,0,1,0,0,0,0,0,0,0,16,1,1,0,4.3999996,4.3999996,0.0,29.035288,55.44,195.40808,4.1,4.1,0.0,17.208603,31.319998,222.45624
2023-10-27,2024-02-26,0,1,0,0,0,0,0,0,0,122,1,1,1,4.3999996,4.3999996,0.0,29.035288,55.44,195.40808,2.5,2.5,0.0,24.162945,47.16,341.6777
2023-10-28,2023-10-28,0,0,0,0,0,0,0,2,0,0,0,0,0,32.3,32.3,0.0,16.055355,49.68,192.04778,32.3,32.3,0.0,16.055355,49.68,192.04778
2023-10-28,2023-11-12,0,0,0,0,0,0,0,0,2,15,0,0,0,32.3,32.3,0.0,16.055355,49.68,192.04778,4.1,4.1,0.0,17.208603,31.319998,222.45624
2023-11-12,2023-11-12,0,0,0,0,0,0,0,2,0,0,1,0,0,4.1,4.1,0.0,17.208603,31.319998,222.45624,4.1,4.1,0.0,17.208603,31.319998,222.45624
2023-11-12,2023-11-14,0,0,0,0,0,0,2,0,0,2,1,0,1,4.1,4.1,0.0,17.208603,31.319998,222.45624,0.90000004,0.90000004,0.0,13.783817,25.199999,196.83174
2023-11-14,2023-11-24,0,0,0,0,0,2,0,0,0,10,1,1,1,0.90000004,0.90000004,0.0,13.783817,25.199999,196.83174,0.1,0.1,0.0,13.849476,25.56,39.487156
2023-11-24,2023-11-25,0,0,0,0,2,0,0,0,0,1,1,1,0,0.1,0.1,0.0,13.849476,25.56,39.487156,0.0,0.0,0.0,8.12197,18.359999,95.4476
2023-11-25,2023-11-25,0,0,0,2,0,0,0,0,0,0,1,0,0,0.0,0.0,0.0,8.12197,18.359999,95.4476,0.0,0.0,0.0,8.12197,18.359999,95.4476
2023-11-25,2023-11-30,0,0,2,0,0,0,0,0,0,5,1,0,1,0.0,0.0,0.0,8.12197,18.359999,95.4476,8.900001,8.900001,0.0,12.0694,22.319998,319.10522
2023-11-27,2023-11-27,0,4,0,0,0,0,0,0,0,0,0,1,1,0.4,0.4,0.0,17.782688,34.2,329.18604,0.4,0.4,0.0,17.782688,34.2,329.18604
2023-11-27,2023-12-02,0,0,4,0,0,0,0,0,0,5,0,1,0,0.4,0.4,0.0,17.782688,34.2,329.18604,0.1,0.1,0.0,18.35647,32.399998,142.62558
2023-11-30,2023-12-14,0,2,0,0,0,0,0,0,0,14,1,1,1,8.900001,8.900001,0.0,12.0694,22.319998,319.10522,5.9,5.9,0.0,11.27553,21.96,349.26114
2023-12-02,2023-12-02,0,0,0,4,0,0,0,0,0,0,0,0,0,0.1,0.1,0.0,18.35647,32.399998,142.62558,0.1,0.1,0.0,18.35647,32.399998,142.62558
2023-12-02,2023-12-03,0,0,0,0,4,0,0,0,0,1,0,0,0,0.1,0.1,0.0,18.35647,32.399998,142.62558,15.099999,15.099999,0.0,29.131096,56.16,208.37752
2023-12-03,2023-12-13,0,0,0,0,0,4,0,0,0,10,0,0,1,15.099999,15.099999,0.0,29.131096,56.16,208.37752,0.1,0.1,0.0,17.0763,30.599998,314.5172
2023-12-13,2023-12-15,0,0,0,0,0,0,4,0,0,2,0,1,1,0.1,0.1,0.0,17.0763,30.599998,314.5172,0.0,0.0,0.0,13.044722,26.28,27.118792
2023-12-15,2023-12-15,0,0,0,0,0,0,0,4,0,0,0,1,1,0.0,0.0,0.0,13.044722,26.28,27.118792,0.0,0.0,0.0,13.044722,26.28,27.118792
2023-12-15,2023-12-30,0,0,0,0,0,0,0,0,4,15,0,1,0,0.0,0.0,0.0,13.044722,26.28,27.118792,5.0999994,5.0999994,0.0,29.601109,58.679996,239.75104
2023-12-29,2023-12-29,0,2,0,0,0,0,0,0,0,0,0,1,1,0.1,0.1,0.0,16.199999,28.08,173.07535,0.1,0.1,0.0,16.199999,28.08,173.07535
2023-12-29,2024-01-03,0,0,2,0,0,0,0,0,0,5,0,1,1,0.1,0.1,0.0,16.199999,28.08,173.07535,4.0,4.0,0.0,17.727943,33.839996,206.43823
2023-12-30,2023-12-30,0,0,0,0,0,0,0,4,0,0,1,0,0,5.0999994,5.0999994,0.0,29.601109,58.679996,239.75104,5.0999994,5.0999994,0.0,29.601109,58.679996,239.75104
2023-12-30,2024-01-01,0,0,0,0,0,0,4,0,0,2,1,0,1,5.0999994,5.0999994,0.0,29.601109,58.679996,239.75104,1.8,1.8,0.0,30.827856,56.519997,214.67123
2024-01-01,2024-01-13,0,0,0,0,0,4,0,0,0,12,1,1,0,1.8,1.8,0.0,30.827856,56.519997,214.67123,0.2,0.2,0.0,7.172949,11.5199995,98.325615
2024-01-03,2024-01-03,0,0,0,2,0,0,0,0,0,0,0,1,1,4.0,4.0,0.0,17.727943,33.839996,206.43823,4.0,4.0,0.0,17.727943,33.839996,206.43823
2024-01-03,2024-01-04,0,0,0,0,2,0,0,0,0,1,0,1,1,4.0,4.0,0.0,17.727943,33.839996,206.43823,3.6,3.6,0.0,14.113652,31.68,262.4735
2024-01-04,2024-01-14,0,0,0,0,0,2,0,0,0,10,0,1,0,3.6,3.6,0.0,14.113652,31.68,262.4735,3.6,3.6,0.0,11.983188,21.96,89.15121
2024-01-13,2024-01-14,0,0,0,0,4,0,0,0,0,1,1,0,0,0.2,0.2,0.0,7.172949,11.5199995,98.325615,3.6,3.6,0.0,11.983188,21.96,89.15121
2024-01-14,2024-01-14,0,0,0,4,0,0,0,0,0,0,1,0,0,3.6,3.6,0.0,11.983188,21.96,89.15121,3.6,3.6,0.0,11.983188,21.96,89.15121
2024-01-14,2024-01-16,0,0,0,0,0,0,2,0,0,2,0,0,1,3.6,3.6,0.0,11.983188,21.96,89.15121,1.8,1.8,0.0,29.882166,55.079998,213.12024
2024-01-14,2024-01-19,0,0,4,0,0,0,0,0,0,5,1,0,1,3.6,3.6,0.0,11.983188,21.96,89.15121,0.0,0.0,0.0,14.007655,24.48,82.52143
2024-01-16,2024-01-16,0,0,0,0,0,0,0,2,0,0,0,1,1,1.8,1.8,0.0,29.882166,55.079998,213.12024,1.8,1.8,0.0,29.882166,55.079998,213.12024
2024-01-16,2024-01-31,0,0,0,0,0,0,0,0,2,15,0,1,1,1.8,1.8,0.0,29.882166,55.079998,213.12024,0.4,0.4,0.0,10.495713,21.96,269.6303
2024-01-19,2024-02-19,0,2,0,0,0,0,0,0,0,31,1,1,1,0.0,0.0,0.0,14.007655,24.48,82.52143,1.1,1.1,0.0,9.178235,16.199999,233.03937
2024-01-31,2024-01-31,0,0,0,0,0,0,0,2,0,0,1,1,1,0.4,0.4,0.0,10.495713,21.96,269.6303,0.4,0.4,0.0,10.495713,21.96,269.6303
2024-01-31,2024-02-02,0,0,0,0,0,0,2,0,0,2,1,1,1,0.4,0.4,0.0,10.495713,21.96,269.6303,0.0,0.0,0.0,9.387651,18.0,18.78603
2024-02-02,2024-02-13,0,0,0,0,0,2,0,0,0,11,1,1,1,0.0,0.0,0.0,9.387651,18.0,18.78603,0.0,0.0,0.0,13.513193,24.48,144.00607
2024-02-13,2024-02-14,0,0,0,0,2,0,0,0,0,1,1,1,1,0.0,0.0,0.0,13.513193,24.48,144.00607,0.5,0.5,0.0,21.533897,42.839996,145.56912
2024-02-14,2024-02-14,0,0,0,2,0,0,0,0,0,0,1,1,1,0.5,0.5,0.0,21.533897,42.839996,145.56912,0.5,0.5,0.0,21.533897,42.839996,145.56912
2024-02-14,2024-02-19,0,0,2,0,0,0,0,0,0,5,1,1,1,0.5,0.5,0.0,21.533897,42.839996,145.56912,1.1,1.1,0.0,9.178235,16.199999,233.03937
2024-02-19,2024-02-19,0,1,0,0,0,0,0,0,0,0,1,1,1,1.1,1.1,0.0,9.178235,16.199999,233.03937,1.1,1.1,0.0,9.178235,16.199999,233.03937
2024-03-05,2024-03-05,0,4,0,0,0,0,0,0,0,0,0,1,1,1.8204302,1.8193549,0.00075268815,19.179728,37.01419,192.2118,1.8204302,1.8193549,0.00075268815,19.179728,37.01419,192.2118
2024-03-05,2024-03-10,0,0,4,0,0,0,0,0,0,5,0,1,0,1.8204302,1.8193549,0.00075268815,19.179728,37.01419,192.2118,1.8204302,1.8193549,0.00075268815,19.179728,37.01419,192.2118
2024-03-10,2024-03-10,0,0,0,4,0,0,0,0,0,0,0,0,0,1.8204302,1.8193549,0.00075268815,19.179728,37.01419,192.2118,1.8204302,1.8193549,0.00075268815,19.179728,37.01419,192.2118
2024-03-10,2024-03-11,0,0,0,0,4,0,0,0,0,1,0,0,1,1.8204302,1.8193549,0.00075268815,19.179728,37.01419,192.2118,1.8204302,1.8193549,0.00075268815,19.179728,37.01419,192.2118
2024-03-11,2024-03-21,0,0,0,0,0,4,0,0,0,10,0,1,1,1.8204302,1.8193549,0.00075268815,19.179728,37.01419,192.2118,1.8204302,1.8193549,0.00075268815,19.179728,37.01419,192.2118
2024-03-21,2024-03-23,0,0,0,0,0,0,4,0,0,2,0,1,0,1.8204302,1.8193549,0.00075268815,19.179728,37.01419,192.2118,1.8204302,1.8193549,0.00075268815,19.179728,37.01419,192.2118
2024-03-23,2024-03-23,0,0,0,0,0,0,0,4,0,0,0,0,0,1.8204302,1.8193549,0.00075268815,19.179728,37.01419,192.2118,1.8204302,1.8193549,0.00075268815,19.179728,37.01419,192.2118
2024-03-23,2024-04-07,0,0,0,0,0,0,0,0,4,15,0,0,0,1.8204302,1.8193549,0.00075268815,19.179728,37.01419,192.2118,1.9555556,1.9555556,0.0,17.385378,34.792004,173.4024
2024-04-07,2024-04-07,0,0,0,0,0,0,0,4,0,0,1,0,0,1.9555556,1.9555556,0.0,17.385378,34.792004,173.4024,1.9555556,1.9555556,0.0,17.385378,34.792004,173.4024
2024-04-07,2024-04-09,0,0,0,0,0,0,4,0,0,2,1,0,1,1.9555556,1.9555556,0.0,17.385378,34.792004,173.4024,1.9555556,1.9555556,0.0,17.385378,34.792004,173.4024
2024-04-09,2024-04-19,0,0,0,0,0,4,0,0,0,10,1,1,1,1.9555556,1.9555556,0.0,17.385378,34.792004,173.4024,1.9555556,1.9555556,0.0,17.385378,34.792004,173.4024
2024-04-19,2024-04-20,0,0,0,0,4,0,0,0,0,1,1,1,0,1.9555556,1.9555556,0.0,17.385378,34.792004,173.4024,1.9555556,1.9555556,0.0,17.385378,34.792004,173.4024
2024-04-20,2024-04-20,0,0,0,4,0,0,0,0,0,0,1,0,0,1.9555556,1.9555556,0.0,17.385378,34.792004,173.4024,1.9555556,1.9555556,0.0,17.385378,34.792004,173.4024
2024-04-20,2024-04-25,0,0,4,0,0,0,0,0,0,5,1,0,1,1.9555556,1.9555556,0.0,17.385378,34.792004,173.4024,1.9555556,1.9555556,0.0,17.385378,34.792004,173.4024
