Days,Inverted,PerfMean,PerfStd,EntryLoad,ExitLoad,EntryDemand,ExitDemand,Distance,ContainerQuantity,Entry,Exit,Stage,Entry_Working_Day,Exit_Working_Day,Entry_precipitation_sum,Entry_rain_sum,Entry_snowfall_sum,Entry_wind_speed_10m_max,Entry_wind_gusts_10m_max,Entry_wind_direction_10m_dominant,Exit_precipitation_sum,Exit_rain_sum,Exit_snowfall_sum,Exit_wind_speed_10m_max,Exit_wind_gusts_10m_max,Exit_wind_direction_10m_dominant
15.0,0.0,24.0,7.3484692283495345,0.0,0.0,0.0,0.0,0.0,2.0,2020-12-09,2020-12-24,0,1,1,12.000002,12.000002,0.0,26.980793,63.0,247.3075,0.0,0.0,0.0,21.897945,42.12,343.37125
0.0,0.0,0.0,0.0,0.0,0.0,0.0,0.0,9.7,2.0,2020-12-24,2020-12-24,1,1,1,0.0,0.0,0.0,21.897945,42.12,343.37125,0.0,0.0,0.0,21.897945,42.12,343.37125
5.0,0.0,5.0,0.0,0.0,0.0,0.0,0.0,0.0,2.0,2020-12-24,2020-12-29,2,1,1,0.0,0.0,0.0,21.897945,42.12,343.37125,3.7,3.7,0.0,19.174856,36.36,242.8069
0.0,0.0,0.0,0.0,0.0,0.0,0.0,0.0,9.42,2.0,2020-12-29,2020-12-29,3,1,1,3.7,3.7,0.0,19.174856,36.36,242.8069,3.7,3.7,0.0,19.174856,36.36,242.8069
1.0,0.0,1.0,0.0,0.0,0.0,0.0,0.0,0.0,2.0,2020-12-29,2020-12-30,4,1,1,3.7,3.7,0.0,19.174856,36.36,242.8069,17.6,17.6,0.0,21.096123,39.96,251.1156
11.0,0.0,10.375,0.5994789404140899,0.0,2.0,0.0,2.0,6698.14,2.0,2020-12-30,2021-01-10,5,1,0,17.6,17.6,0.0,21.096123,39.96,251.1156,0.0,0.0,0.0,12.144331,24.84,351.42484
2.0,0.0,2.0,0.0,2.0,2.0,2.0,2.0,0.0,2.0,2021-01-10,2021-01-12,6,0,1,0.0,0.0,0.0,12.144331,24.84,351.42484,2.0,2.0,0.0,16.73516,33.12,280.13187
0.0,0.0,0.0,0.0,2.0,2.0,2.0,2.0,15.06,2.0,2021-01-12,2021-01-12,7,1,1,2.0,2.0,0.0,16.73516,33.12,280.13187,2.0,2.0,0.0,16.73516,33.12,280.13187
15.0,0.0,15.9375,3.630921887069453,2.0,2.0,2.0,2.0,0.0,2.0,2021-01-12,2021-01-27,8,1,1,2.0,2.0,0.0,16.73516,33.12,280.13187,0.6,0.6,0.0,18.416384,38.519997,253.16681
0.0,1.0,0.0,0.0,2.0,2.0,2.0,2.0,15.06,2.0,2021-01-27,2021-01-27,7,1,1,0.6,0.6,0.0,18.416384,38.519997,253.16681,0.6,0.6,0.0,18.416384,38.519997,253.16681
2.0,1.0,2.0,0.0,2.0,2.0,2.0,2.0,0.0,2.0,2021-01-27,2021-01-29,6,1,1,0.6,0.6,0.0,18.416384,38.519997,253.16681,12.499998,12.499998,0.0,33.55733,71.64,249.14357
10.0,1.0,10.5,1.0606601717798212,2.0,0.0,2.0,0.0,6698.14,2.0,2021-01-29,2021-02-08,5,1,1,12.499998,12.499998,0.0,33.55733,71.64,249.14357,13.400001,13.400001,0.0,20.617662,43.56,186.28355
1.0,1.0,1.0,0.0,0.0,0.0,0.0,0.0,0.0,2.0,2021-02-08,2021-02-09,4,1,1,13.400001,13.400001,0.0,20.617662,43.56,186.28355,2.1999998,2.1999998,0.0,16.267857,34.2,230.07678
0.0,1.0,0.0,0.0,0.0,0.0,0.0,0.0,9.42,1.0,2021-02-09,2021-02-09,3,1,1,2.1999998,2.1999998,0.0,16.267857,34.2,230.07678,2.1999998,2.1999998,0.0,16.267857,34.2,230.07678
5.0,1.0,5.0,0.0,0.0,0.0,0.0,0.0,0.0,1.0,2021-02-09,2021-02-14,2,1,0,2.1999998,2.1999998,0.0,16.267857,34.2,230.07678,0.0,0.0,0.0,19.95972,36.0,140.36986
158.0,1.0,119.89285714285714,100.92866621166311,0.0,0.0,0.0,0.0,9.7,1.0,2021-02-14,2021-07-22,1,0,1,0.0,0.0,0.0,19.95972,36.0,140.36986,0.1,0.1,0.0,18.861387,39.96,260.67508
30.0,0.0,24.0,7.3484692283495345,0.0,2.0,0.0,4.0,0.0,2.0,2021-07-22,2021-08-06,0,1,1,0.1,0.1,0.0,18.861387,39.96,260.67508,2.1,2.1,0.0,27.0024,52.92,252.1926
0.0,0.0,0.0,0.0,2.0,2.0,4.0,4.0,9.7,4.0,2021-08-06,2021-08-06,1,1,1,2.1,2.1,0.0,27.0024,52.92,252.1926,2.1,2.1,0.0,27.0024,52.92,252.1926
5.0,0.0,5.0,0.0,2.0,2.0,4.0,4.0,0.0,4.0,2021-08-06,2021-08-11,2,1,1,2.1,2.1,0.0,27.0024,52.92,252.1926,0.0,0.0,0.0,15.546833,41.760002,291.16125
0.0,0.0,0.0,0.0,2.0,2.0,4.0,4.0,9.42,4.0,2021-08-11,2021-08-11,3,1,1,0.0,0.0,0.0,15.546833,41.760002,291.16125,0.0,0.0,0.0,15.546833,41.760002,291.16125
1.0,0.0,1.0,0.0,2.0,2.0,4.0,4.0,0.0,4.0,2021-08-11,2021-08-12,4,1,1,0.0,0.0,0.0,15.546833,41.760002,291.16125,0.0,0.0,0.0,10.105681,20.519999,328.04193
10.0,0.0,10.375,0.5994789404140899,2.0,2.0,4.0,4.0,6698.14,4.0,2021-08-12,2021-08-22,5,1,0,0.0,0.0,0.0,10.105681,20.519999,328.04193,0.0,0.0,0.0,18.692286,36.0,18.711866
2.0,0.0,2.0,0.0,2.0,2.0,4.0,4.0,0.0,4.0,2021-08-22,2021-08-24,6,0,1,0.0,0.0,0.0,18.692286,36.0,18.711866,0.0,0.0,0.0,12.313894,27.359999,36.141308
0.0,0.0,0.0,0.0,2.0,2.0,4.0,4.0,15.06,4.0,2021-08-24,2021-08-24,7,1,1,0.0,0.0,0.0,12.313894,27.359999,36.141308,0.0,0.0,0.0,12.313894,27.359999,36.141308
15.0,0.0,15.9375,3.630921887069453,2.0,1.0,4.0,0.0,0.0,4.0,2021-08-24,2021-09-08,8,1,1,0.0,0.0,0.0,12.313894,27.359999,36.141308,3.6,3.6,0.0,10.587918,23.759998,249.18939
0.0,1.0,0.0,0.0,1.0,1.0,0.0,0.0,15.06,4.0,2021-09-08,2021-09-08,7,1,1,3.6,3.6,0.0,10.587918,23.759998,249.18939,3.6,3.6,0.0,10.587918,23.759998,249.18939
2.0,1.0,2.0,0.0,1.0,1.0,0.0,0.0,0.0,4.0,2021-09-08,2021-09-10,6,1,1,3.6,3.6,0.0,10.587918,23.759998,249.18939,0.0,0.0,0.0,11.165805,23.039999,46.292088
10.0,1.0,10.5,1.0606601717798212,1.0,1.0,0.0,0.0,6698.14,4.0,2021-09-10,2021-09-20,5,1,1,0.0,0.0,0.0,11.165805,23.039999,46.292088,0.3,0.3,0.0,13.896187,30.960001,14.538048
15.0,0.0,24.0,7.3484692283495345,1.0,1.0,0.0,0.0,0.0,2.0,2021-09-15,2021-09-30,0,1,1,2.0,2.0,0.0,15.1884165,30.239998,304.59894,0.6,0.6,0.0,15.03835,36.719997,200.46234
1.0,1.0,1.0,0.0,1.0,1.0,0.0,0.0,0.0,4.0,2021-09-20,2021-09-21,4,1,1,0.3,0.3,0.0,13.896187,30.960001,14.538048,0.0,0.0,0.0,11.609651,23.759998,37.979256
0.0,1.0,0.0,0.0,1.0,1.0,0.0,0.0,9.42,4.0,2021-09-21,2021-09-21,3,1,1,0.0,0.0,0.0,11.609651,23.759998,37.979256,0.0,0.0,0.0,11.609651,23.759998,37.979256
5.0,1.0,5.0,0.0,1.0,1.0,0.0,0.0,0.0,4.0,2021-09-21,2021-09-26,2,1,0,0.0,0.0,0.0,11.609651,23.759998,37.979256,0.1,0.1,0.0,27.059933,50.76,268.90625
90.0,1.0,119.89285714285714,100.92866621166311,1.0,0.0,0.0,0.0,9.7,1.0,2021-09-26,2021-12-25,1,0,0,0.1,0.1,0.0,27.059933,50.76,268.90625,0.7,0.7,0.0,14.8257065,32.039997,196.93654
234.0,1.0,119.89285714285714,100.92866621166311,1.0,1.0,0.0,0.0,9.7,2.0,2021-09-26,2022-05-18,1,0,1,0.1,0.1,0.0,27.059933,50.76,268.90625,0.0,0.0,0.0,11.4862,26.64,182.86235
365.0,1.0,119.89285714285714,100.92866621166311,1.0,1.0,0.0,0.0,9.7,1.0,2021-09-26,2022-09-26,1,0,1,0.1,0.1,0.0,27.059933,50.76,268.90625,2.7,2.7,0.0,26.208395,50.399998,282.13678
0.0,0.0,0.0,0.0,1.0,1.0,0.0,0.0,9.7,2.0,2021-09-30,2021-09-30,1,1,1,0.6,0.6,0.0,15.03835,36.719997,200.46234,0.6,0.6,0.0,15.03835,36.719997,200.46234
5.0,0.0,5.0,0.0,1.0,2.0,0.0,2.0,0.0,2.0,2021-09-30,2021-10-05,2,1,1,0.6,0.6,0.0,15.03835,36.719997,200.46234,0.2,0.2,0.0,9.659814,19.8,312.84903
0.0,0.0,0.0,0.0,2.0,2.0,2.0,2.0,9.42,2.0,2021-10-05,2021-10-05,3,1,1,0.2,0.2,0.0,9.659814,19.8,312.84903,0.2,0.2,0.0,9.659814,19.8,312.84903
1.0,0.0,1.0,0.0,2.0,2.0,2.0,2.0,0.0,2.0,2021-10-05,2021-10-06,4,1,1,0.2,0.2,0.0,9.659814,19.8,312.84903,0.0,0.0,0.0,12.768586,25.199999,47.64045
11.0,0.0,10.375,0.5994789404140899,2.0,2.0,2.0,2.0,6698.14,2.0,2021-10-06,2021-10-17,5,1,0,0.0,0.0,0.0,12.768586,25.199999,47.64045,0.0,0.0,0.0,12.738099,24.48,136.74411
2.0,0.0,2.0,0.0,2.0,2.0,2.0,2.0,0.0,2.0,2021-10-17,2021-10-19,6,0,1,0.0,0.0,0.0,12.738099,24.48,136.74411,0.6,0.6,0.0,29.301878,56.88,223.87456
0.0,0.0,0.0,0.0,2.0,2.0,2.0,2.0,15.06,2.0,2021-10-19,2021-10-19,7,1,1,0.6,0.6,0.0,29.301878,56.88,223.87456,0.6,0.6,0.0,29.301878,56.88,223.87456
15.0,0.0,15.9375,3.630921887069453,2.0,1.0,2.0,0.0,0.0,2.0,2021-10-19,2021-11-03,8,1,1,0.6,0.6,0.0,29.301878,56.88,223.87456,0.1,0.1,0.0,10.233123,20.519999,325.4598
0.0,1.0,0.0,0.0,1.0,1.0,0.0,0.0,15.06,2.0,2021-11-03,2021-11-03,7,1,1,0.1,0.1,0.0,10.233123,20.519999,325.4598,0.1,0.1,0.0,10.233123,20.519999,325.4598
2.0,1.0,2.0,0.0,1.0,1.0,0.0,0.0,0.0,2.0,2021-11-03,2021-11-05,6,1,1,0.1,0.1,0.0,10.233123,20.519999,325.4598,0.0,0.0,0.0,15.629972,30.599998,349.9217
11.0,1.0,10.5,1.0606601717798212,1.0,1.0,0.0,0.0,6698.14,2.0,2021-11-05,2021-11-16,5,1,1,0.0,0.0,0.0,15.629972,30.599998,349.9217,0.0,0.0,0.0,9.255571,19.08,308.29703
1.0,1.0,1.0,0.0,1.0,1.0,0.0,0.0,0.0,2.0,2021-11-16,2021-11-17,4,1,1,0.0,0.0,0.0,9.255571,19.08,308.29703,0.0,0.0,0.0,13.70839,27.0,24.69995
0.0,1.0,0.0,0.0,1.0,1.0,0.0,0.0,9.42,2.0,2021-11-17,2021-11-17,3,1,1,0.0,0.0,0.0,13.70839,27.0,24.69995,0.0,0.0,0.0,13.70839,27.0,24.69995
5.0,1.0,5.0,0.0,1.0,1.0,0.0,0.0,0.0,2.0,2021-11-17,2021-11-22,2,1,1,0.0,0.0,0.0,13.70839,27.0,24.69995,0.0,0.0,0.0,19.134262,33.839996,41.91989
177.0,1.0,119.89285714285714,100.92866621166311,1.0,1.0,0.0,0.0,9.7,1.0,2021-11-22,2022-05-18,1,1,1,0.0,0.0,0.0,19.134262,33.839996,41.91989,0.0,0.0,0.0,11.4862,26.64,182.86235
308.0,1.0,119.89285714285714,100.92866621166311,1.0,1.0,0.0,0.0,9.7,1.0,2021-11-22,2022-09-26,1,1,1,0.0,0.0,0.0,19.134262,33.839996,41.91989,2.7,2.7,0.0,26.208395,50.399998,282.13678
30.0,0.0,24.0,7.3484692283495345,0.0,2.0,0.0,2.0,0.0,1.0,2021-12-25,2022-01-09,0,0,0,0.7,0.7,0.0,14.8257065,32.039997,196.93654,10.700001,10.700001,0.0,28.017622,50.76,313.727
0.0,0.0,0.0,0.0,2.0,2.0,2.0,2.0,9.7,2.0,2022-01-09,2022-01-09,1,0,0,10.700001,10.700001,0.0,28.017622,50.76,313.727,10.700001,10.700001,0.0,28.017622,50.76,313.727
5.0,0.0,5.0,0.0,2.0,2.0,2.0,2.0,0.0,2.0,2022-01-09,2022-01-14,2,0,1,10.700001,10.700001,0.0,28.017622,50.76,313.727,0.0,0.0,0.0,8.587338,12.959999,134.61891
0.0,0.0,0.0,0.0,2.0,2.0,2.0,2.0,9.42,2.0,2022-01-14,2022-01-14,3,1,1,0.0,0.0,0.0,8.587338,12.959999,134.61891,0.0,0.0,0.0,8.587338,12.959999,134.61891
1.0,0.0,1.0,0.0,2.0,2.0,2.0,2.0,0.0,2.0,2022-01-14,2022-01-15,4,1,0,0.0,0.0,0.0,8.587338,12.959999,134.61891,0.0,0.0,0.0,8.217153,16.56,43.544823
11.0,0.0,10.375,0.5994789404140899,2.0,2.0,2.0,2.0,6698.14,2.0,2022-01-15,2022-01-26,5,0,1,0.0,0.0,0.0,8.217153,16.56,43.544823,0.0,0.0,0.0,9.3669195,19.08,9.196594
2.0,0.0,2.0,0.0,2.0,2.0,2.0,2.0,0.0,2.0,2022-01-26,2022-01-28,6,1,1,0.0,0.0,0.0,9.3669195,19.08,9.196594,0.0,0.0,0.0,10.390226,21.96,46.613518
0.0,0.0,0.0,0.0,2.0,2.0,2.0,2.0,15.06,2.0,2022-01-28,2022-01-28,7,1,1,0.0,0.0,0.0,10.390226,21.96,46.613518,0.0,0.0,0.0,10.390226,21.96,46.613518
15.0,0.0,15.9375,3.630921887069453,2.0,0.0,2.0,0.0,0.0,2.0,2022-01-28,2022-02-12,8,1,0,0.0,0.0,0.0,10.390226,21.96,46.613518,1.1,1.1,0.0,25.264202,49.32,172.06232
0.0,1.0,0.0,0.0,0.0,0.0,0.0,0.0,15.06,2.0,2022-02-12,2022-02-12,7,0,0,1.1,1.1,0.0,25.264202,49.32,172.06232,1.1,1.1,0.0,25.264202,49.32,172.06232
2.0,1.0,2.0,0.0,0.0,0.0,0.0,0.0,0.0,2.0,2022-02-12,2022-02-14,6,0,1,1.1,1.1,0.0,25.264202,49.32,172.06232,4.1000004,4.1000004,0.0,19.469976,37.44,252.81908
9.0,1.0,10.5,1.0606601717798212,0.0,0.0,0.0,0.0,6698.14,2.0,2022-02-14,2022-02-23,5,1,1,4.1000004,4.1000004,0.0,19.469976,37.44,252.81908,0.70000005,0.70000005,0.0,17.31746,34.56,287.72012
1.0,1.0,1.0,0.0,0.0,0.0,0.0,0.0,0.0,2.0,2022-02-23,2022-02-24,4,1,1,0.70000005,0.70000005,0.0,17.31746,34.56,287.72012,0.0,0.0,0.0,13.397612,25.919998,19.330791
0.0,1.0,0.0,0.0,0.0,0.0,0.0,0.0,9.42,2.0,2022-02-24,2022-02-24,3,1,1,0.0,0.0,0.0,13.397612,25.919998,19.330791,0.0,0.0,0.0,13.397612,25.919998,19.330791
5.0,1.0,5.0,0.0,0.0,2.0,0.0,0.0,0.0,2.0,2022-02-24,2022-03-01,2,1,1,0.0,0.0,0.0,13.397612,25.919998,19.330791,4.8,4.8,0.0,15.072783,28.08,179.32991
78.0,1.0,119.89285714285714,100.92866621166311,2.0,1.0,0.0,0.0,9.7,1.0,2022-03-01,2022-05-18,1,1,1,4.8,4.8,0.0,15.072783,28.08,179.32991,0.0,0.0,0.0,11.4862,26.64,182.86235
232.0,1.0,119.89285714285714,100.92866621166311,2.0,2.0,0.0,4.0,9.7,1.0,2022-03-01,2022-10-19,1,1,1,4.8,4.8,0.0,15.072783,28.08,179.32991,2.6,2.6,0.0,28.82249,51.839996,168.92982
0.0,0.0,0.0,0.0,0.0,0.0,4.0,4.0,9.7,4.0,2022-06-02,2022-06-02,1,1,1,30.000004,30.000004,0.0,15.696165,32.399998,162.613,30.000004,30.000004,0.0,15.696165,32.399998,162.613
5.0,0.0,5.0,0.0,0.0,0.0,4.0,4.0,0.0,4.0,2022-06-02,2022-06-07,2,1,1,30.000004,30.000004,0.0,15.696165,32.399998,162.613,11.2,11.2,0.0,22.104116,41.399998,268.17075
0.0,0.0,0.0,0.0,0.0,0.0,4.0,4.0,9.42,4.0,2022-06-07,2022-06-07,3,1,1,11.2,11.2,0.0,22.104116,41.399998,268.17075,11.2,11.2,0.0,22.104116,41.399998,268.17075
1.0,0.0,1.0,0.0,0.0,0.0,4.0,4.0,0.0,4.0,2022-06-07,2022-06-08,4,1,1,11.2,11.2,0.0,22.104116,41.399998,268.17075,0.0,0.0,0.0,16.981165,33.12,287.70612
11.0,0.0,10.375,0.5994789404140899,0.0,0.0,4.0,4.0,6698.14,4.0,2022-06-08,2022-06-19,5,1,0,0.0,0.0,0.0,16.981165,33.12,287.70612,42.1,42.1,0.0,16.981165,45.719997,351.7143
2.0,0.0,2.0,0.0,0.0,0.0,4.0,4.0,0.0,4.0,2022-06-19,2022-06-21,6,0,1,42.1,42.1,0.0,16.981165,45.719997,351.7143,31.5,31.5,0.0,20.63023,38.88,309.28006
0.0,0.0,0.0,0.0,0.0,0.0,4.0,4.0,15.06,4.0,2022-06-21,2022-06-21,7,1,1,31.5,31.5,0.0,20.63023,38.88,309.28006,31.5,31.5,0.0,20.63023,38.88,309.28006
15.0,0.0,15.9375,3.630921887069453,0.0,0.0,4.0,0.0,0.0,4.0,2022-06-21,2022-07-06,8,1,1,31.5,31.5,0.0,20.63023,38.88,309.28006,0.0,0.0,0.0,15.328561,29.519999,341.8927
0.0,1.0,0.0,0.0,0.0,0.0,0.0,0.0,15.06,4.0,2022-07-06,2022-07-06,7,1,1,0.0,0.0,0.0,15.328561,29.519999,341.8927,0.0,0.0,0.0,15.328561,29.519999,341.8927
2.0,1.0,2.0,0.0,0.0,0.0,0.0,0.0,0.0,4.0,2022-07-06,2022-07-08,6,1,1,0.0,0.0,0.0,15.328561,29.519999,341.8927,0.0,0.0,0.0,13.70839,27.72,30.18429
10.0,1.0,10.5,1.0606601717798212,0.0,0.0,0.0,0.0,6698.14,4.0,2022-07-08,2022-07-18,5,1,1,0.0,0.0,0.0,13.70839,27.72,30.18429,0.0,0.0,0.0,20.291357,37.079998,296.09534
1.0,1.0,1.0,0.0,0.0,0.0,0.0,0.0,0.0,4.0,2022-07-18,2022-07-19,4,1,1,0.0,0.0,0.0,20.291357,37.079998,296.09534,0.90000004,0.90000004,0.0,19.0392,39.96,277.97495
0.0,1.0,0.0,0.0,0.0,0.0,0.0,0.0,9.42,4.0,2022-07-19,2022-07-19,3,1,1,0.90000004,0.90000004,0.0,19.0392,39.96,277.97495,0.90000004,0.90000004,0.0,19.0392,39.96,277.97495
5.0,1.0,5.0,0.0,0.0,0.0,0.0,0.0,0.0,4.0,2022-07-19,2022-07-24,2,1,0,0.90000004,0.90000004,0.0,19.0392,39.96,277.97495,0.4,0.4,0.0,22.3229,43.199997,279.38348
64.0,1.0,119.89285714285714,100.92866621166311,0.0,1.0,0.0,0.0,9.7,2.0,2022-07-24,2022-09-26,1,0,1,0.4,0.4,0.0,22.3229,43.199997,279.38348,2.7,2.7,0.0,26.208395,50.399998,282.13678
87.0,1.0,119.89285714285714,100.92866621166311,0.0,2.0,0.0,4.0,9.7,1.0,2022-07-24,2022-10-19,1,0,1,0.4,0.4,0.0,22.3229,43.199997,279.38348,2.6,2.6,0.0,28.82249,51.839996,168.92982
184.0,1.0,119.89285714285714,100.92866621166311,0.0,2.0,0.0,0.0,9.7,1.0,2022-07-24,2023-01-24,1,0,1,0.4,0.4,0.0,22.3229,43.199997,279.38348,0.2,0.2,0.0,14.458382,27.72,331.99976
0.0,0.0,0.0,0.0,2.0,2.0,4.0,4.0,9.7,4.0,2022-10-11,2022-10-11,1,1,1,0.2,0.2,0.0,11.090103,23.4,348.08237,0.2,0.2,0.0,11.090103,23.4,348.08237
5.0,0.0,5.0,0.0,2.0,2.0,4.0,4.0,0.0,4.0,2022-10-11,2022-10-16,2,1,0,0.2,0.2,0.0,11.090103,23.4,348.08237,11.099999,11.099999,0.0,16.904673,37.8,144.33768
0.0,0.0,0.0,0.0,2.0,2.0,4.0,4.0,9.42,4.0,2022-10-16,2022-10-16,3,0,0,11.099999,11.099999,0.0,16.904673,37.8,144.33768,11.099999,11.099999,0.0,16.904673,37.8,144.33768
1.0,0.0,1.0,0.0,2.0,2.0,4.0,4.0,0.0,4.0,2022-10-16,2022-10-17,4,0,1,11.099999,11.099999,0.0,16.904673,37.8,144.33768,0.0,0.0,0.0,17.826363,32.399998,128.57898
10.0,0.0,10.375,0.5994789404140899,2.0,2.0,4.0,4.0,6698.14,4.0,2022-10-17,2022-10-27,5,1,1,0.0,0.0,0.0,17.826363,32.399998,128.57898,0.0,0.0,0.0,17.057314,31.68,158.55757
2.0,0.0,2.0,0.0,2.0,2.0,4.0,4.0,0.0,4.0,2022-10-27,2022-10-29,6,1,0,0.0,0.0,0.0,17.057314,31.68,158.55757,8.4,8.4,0.0,11.246759,25.919998,118.162384
0.0,0.0,0.0,0.0,2.0,2.0,4.0,4.0,15.06,4.0,2022-10-29,2022-10-29,7,0,0,8.4,8.4,0.0,11.246759,25.919998,118.162384,8.4,8.4,0.0,11.246759,25.919998,118.162384
15.0,0.0,15.9375,3.630921887069453,2.0,1.0,4.0,2.0,0.0,4.0,2022-10-29,2022-11-13,8,0,0,8.4,8.4,0.0,11.246759,25.919998,118.162384,4.6,4.6,0.0,14.404499,28.08,200.1282
0.0,0.0,0.0,0.0,1.0,1.0,2.0,2.0,9.7,2.0,2022-11-03,2022-11-03,1,1,1,5.6,5.6,0.0,28.496904,55.8,289.13556,5.6,5.6,0.0,28.496904,55.8,289.13556
5.0,0.0,5.0,0.0,1.0,1.0,2.0,2.0,0.0,2.0,2022-11-03,2022-11-08,2,1,1,5.6,5.6,0.0,28.496904,55.8,289.13556,4.4999995,4.4999995,0.0,13.339445,26.64,231.34013
0.0,0.0,0.0,0.0,1.0,1.0,2.0,2.0,9.42,2.0,2022-11-08,2022-11-08,3,1,1,4.4999995,4.4999995,0.0,13.339445,26.64,231.34013,4.4999995,4.4999995,0.0,13.339445,26.64,231.34013
1.0,0.0,1.0,0.0,1.0,1.0,2.0,2.0,0.0,2.0,2022-11-08,2022-11-09,4,1,1,4.4999995,4.4999995,0.0,13.339445,26.64,231.34013,0.0,0.0,0.0,9.793058,20.519999,129.6069
9.0,0.0,10.375,0.5994789404140899,1.0,1.0,2.0,2.0,6698.14,2.0,2022-11-09,2022-11-18,5,1,1,0.0,0.0,0.0,9.793058,20.519999,129.6069,4.1,4.1,0.0,10.829958,24.84,306.54352
0.0,1.0,0.0,0.0,1.0,1.0,2.0,2.0,15.06,4.0,2022-11-13,2022-11-13,7,0,0,4.6,4.6,0.0,14.404499,28.08,200.1282,4.6,4.6,0.0,14.404499,28.08,200.1282
2.0,1.0,2.0,0.0,1.0,1.0,2.0,2.0,0.0,4.0,2022-11-13,2022-11-15,6,0,1,4.6,4.6,0.0,14.404499,28.08,200.1282,5.4,5.4,0.0,27.288855,48.96,211.19138
11.0,1.0,10.5,1.0606601717798212,1.0,1.0,2.0,2.0,6698.14,4.0,2022-11-15,2022-11-26,5,1,0,5.4,5.4,0.0,27.288855,48.96,211.19138,3.9,3.9,0.0,14.512064,24.84,159.02315
2.0,0.0,2.0,0.0,1.0,1.0,2.0,2.0,0.0,2.0,2022-11-18,2022-11-20,6,1,0,4.1,4.1,0.0,10.829958,24.84,306.54352,11.900001,11.900001,0.0,31.845251,57.239998,241.6033
0.0,0.0,0.0,0.0,1.0,1.0,2.0,2.0,15.06,2.0,2022-11-20,2022-11-20,7,0,0,11.900001,11.900001,0.0,31.845251,57.239998,241.6033,11.900001,11.900001,0.0,31.845251,57.239998,241.6033
15.0,0.0,15.9375,3.630921887069453,1.0,0.0,2.0,0.0,0.0,2.0,2022-11-20,2022-12-05,8,0,1,11.900001,11.900001,0.0,31.845251,57.239998,241.6033,0.0,0.0,0.0,10.853866,19.8,65.22491
1.0,1.0,1.0,0.0,1.0,1.0,2.0,2.0,0.0,4.0,2022-11-26,2022-11-27,4,0,0,3.9,3.9,0.0,14.512064,24.84,159.02315,10.999999,10.999999,0.0,23.411074,45.36,256.06158
0.0,1.0,0.0,0.0,1.0,1.0,2.0,2.0,9.42,4.0,2022-11-27,2022-11-27,3,0,0,10.999999,10.999999,0.0,23.411074,45.36,256.06158,10.999999,10.999999,0.0,23.411074,45.36,256.06158
5.0,1.0,5.0,0.0,1.0,0.0,2.0,0.0,0.0,4.0,2022-11-27,2022-12-02,2,0,1,10.999999,10.999999,0.0,23.411074,45.36,256.06158,0.8,0.8,0.0,9.114471,17.64,38.10761
133.0,1.0,119.89285714285714,100.92866621166311,0.0,0.0,0.0,0.0,9.7,2.0,2022-12-02,2023-04-14,1,1,1,0.8,0.8,0.0,9.114471,17.64,38.10761,0.90000004,0.90000004,0.0,25.72174,48.239998,305.31757
231.0,1.0,119.89285714285714,100.92866621166311,0.0,0.0,0.0,2.0,9.7,1.0,2022-12-02,2023-07-21,1,1,1,0.8,0.8,0.0,9.114471,17.64,38.10761,0.0,0.0,0.0,14.982228,28.44,307.19284
296.0,1.0,119.89285714285714,100.92866621166311,0.0,1.0,0.0,2.0,9.7,1.0,2022-12-02,2023-09-24,1,1,0,0.8,0.8,0.0,9.114471,17.64,38.10761,0.0,0.0,0.0,11.879999,19.08,98.08256
0.0,1.0,0.0,0.0,0.0,0.0,0.0,0.0,15.06,2.0,2022-12-05,2022-12-05,7,1,1,0.0,0.0,0.0,10.853866,19.8,65.22491,0.0,0.0,0.0,10.853866,19.8,65.22491
2.0,1.0,2.0,0.0,0.0,0.0,0.0,0.0,0.0,2.0,2022-12-05,2022-12-07,6,1,1,0.0,0.0,0.0,10.853866,19.8,65.22491,5.8,5.8,0.0,11.367109,21.599998,70.189064
12.0,1.0,10.5,1.0606601717798212,0.0,0.0,0.0,0.0,6698.14,2.0,2022-12-07,2022-12-19,5,1,1,5.8,5.8,0.0,11.367109,21.599998,70.189064,3.6999998,3.6999998,0.0,20.188908,35.28,167.86983
1.0,1.0,1.0,0.0,0.0,0.0,0.0,0.0,0.0,2.0,2022-12-19,2022-12-20,4,1,1,3.6999998,3.6999998,0.0,20.188908,35.28,167.86983,0.8,0.8,0.0,20.275385,34.92,219.60263
0.0,1.0,0.0,0.0,0.0,0.0,0.0,0.0,9.42,2.0,2022-12-20,2022-12-20,3,1,1,0.8,0.8,0.0,20.275385,34.92,219.60263,0.8,0.8,0.0,20.275385,34.92,219.60263
5.0,1.0,5.0,0.0,0.0,0.0,0.0,0.0,0.0,2.0,2022-12-20,2022-12-25,2,1,0,0.8,0.8,0.0,20.275385,34.92,219.60263,2.7,2.7,0.0,13.039754,26.28,237.59547
30.0,1.0,119.89285714285714,100.92866621166311,0.0,2.0,0.0,0.0,9.7,1.0,2022-12-25,2023-01-24,1,0,1,2.7,2.7,0.0,13.039754,26.28,237.59547,0.2,0.2,0.0,14.458382,27.72,331.99976
158.0,1.0,119.89285714285714,100.92866621166311,0.0,0.0,0.0,0.0,9.7,1.0,2022-12-25,2023-06-01,1,0,1,2.7,2.7,0.0,13.039754,26.28,237.59547,0.1,0.1,0.0,22.253124,44.28,61.01128
0.0,0.0,0.0,0.0,0.0,0.0,2.0,2.0,9.7,2.0,2023-02-08,2023-02-08,1,1,1,0.0,0.0,0.0,11.440978,14.04,90.63661,0.0,0.0,0.0,11.440978,14.04,90.63661
5.0,0.0,5.0,0.0,0.0,0.0,2.0,2.0,0.0,2.0,2023-02-08,2023-02-13,2,1,1,0.0,0.0,0.0,11.440978,14.04,90.63661,0.0,0.0,0.0,13.830749,26.28,124.49612
0.0,0.0,0.0,0.0,0.0,0.0,2.0,2.0,9.42,2.0,2023-02-13,2023-02-13,3,1,1,0.0,0.0,0.0,13.830749,26.28,124.49612,0.0,0.0,0.0,13.830749,26.28,124.49612
1.0,0.0,1.0,0.0,0.0,0.0,2.0,2.0,0.0,2.0,2023-02-13,2023-02-14,4,1,1,0.0,0.0,0.0,13.830749,26.28,124.49612,0.0,0.0,0.0,13.246826,24.48,141.22844
11.0,0.0,10.375,0.5994789404140899,0.0,0.0,2.0,2.0,6698.14,2.0,2023-02-14,2023-02-25,5,1,0,0.0,0.0,0.0,13.246826,24.48,141.22844,0.0,0.0,0.0,28.357857,54.0,14.767051
2.0,0.0,2.0,0.0,0.0,0.0,2.0,2.0,0.0,2.0,2023-02-25,2023-02-27,6,0,1,0.0,0.0,0.0,28.357857,54.0,14.767051,0.0,0.0,0.0,15.893093,30.599998,357.85706
0.0,0.0,0.0,0.0,0.0,0.0,2.0,2.0,15.06,2.0,2023-02-27,2023-02-27,7,1,1,0.0,0.0,0.0,15.893093,30.599998,357.85706,0.0,0.0,0.0,15.893093,30.599998,357.85706
15.0,0.0,15.9375,3.630921887069453,0.0,2.0,2.0,0.0,0.0,2.0,2023-02-27,2023-03-14,8,1,1,0.0,0.0,0.0,15.893093,30.599998,357.85706,0.8000001,0.8000001,0.0,11.885453,20.519999,239.5603
0.0,1.0,0.0,0.0,2.0,2.0,0.0,0.0,15.06,2.0,2023-03-14,2023-03-14,7,1,1,0.8000001,0.8000001,0.0,11.885453,20.519999,239.5603,0.8000001,0.8000001,0.0,11.885453,20.519999,239.5603
2.0,1.0,2.0,0.0,2.0,2.0,0.0,0.0,0.0,2.0,2023-03-14,2023-03-16,6,1,1,0.8000001,0.8000001,0.0,11.885453,20.519999,239.5603,2.9,2.9,0.0,22.86496,40.32,160.16885
12.0,1.0,10.5,1.0606601717798212,2.0,2.0,0.0,0.0,6698.14,2.0,2023-03-16,2023-03-28,5,1,1,2.9,2.9,0.0,22.86496,40.32,160.16885,0.4,0.4,0.0,15.496736,27.0,160.62695
1.0,1.0,1.0,0.0,2.0,2.0,0.0,0.0,0.0,2.0,2023-03-28,2023-03-29,4,1,1,0.4,0.4,0.0,15.496736,27.0,160.62695,0.0,0.0,0.0,19.559633,33.48,217.99878
0.0,1.0,0.0,0.0,2.0,2.0,0.0,0.0,9.42,2.0,2023-03-29,2023-03-29,3,1,1,0.0,0.0,0.0,19.559633,33.48,217.99878,0.0,0.0,0.0,19.559633,33.48,217.99878
5.0,1.0,5.0,0.0,2.0,0.0,0.0,0.0,0.0,2.0,2023-03-29,2023-04-03,2,1,1,0.0,0.0,0.0,19.559633,33.48,217.99878,0.0,0.0,0.0,15.463246,32.399998,16.933586
11.0,1.0,119.89285714285714,100.92866621166311,0.0,0.0,0.0,0.0,9.7,2.0,2023-04-03,2023-04-14,1,1,1,0.0,0.0,0.0,15.463246,32.399998,16.933586,0.90000004,0.90000004,0.0,25.72174,48.239998,305.31757
0.0,0.0,0.0,0.0,0.0,0.0,0.0,0.0,9.7,4.0,2023-04-29,2023-04-29,1,0,0,1.5000001,1.5000001,0.0,19.8,38.16,307.74338,1.5000001,1.5000001,0.0,19.8,38.16,307.74338
5.0,0.0,5.0,0.0,0.0,1.0,0.0,4.0,0.0,4.0,2023-04-29,2023-05-04,2,0,1,1.5000001,1.5000001,0.0,19.8,38.16,307.74338,7.7999997,7.7999997,0.0,11.252519,20.519999,31.35702
0.0,0.0,0.0,0.0,1.0,1.0,4.0,4.0,9.42,4.0,2023-05-04,2023-05-04,3,1,1,7.7999997,7.7999997,0.0,11.252519,20.519999,31.35702,7.7999997,7.7999997,0.0,11.252519,20.519999,31.35702
1.0,0.0,1.0,0.0,1.0,1.0,4.0,4.0,0.0,4.0,2023-05-04,2023-05-05,4,1,1,7.7999997,7.7999997,0.0,11.252519,20.519999,31.35702,0.0,0.0,0.0,14.618837,29.16,212.82854
10.0,0.0,10.375,0.5994789404140899,1.0,1.0,4.0,4.0,6698.14,4.0,2023-05-05,2023-05-15,5,1,1,0.0,0.0,0.0,14.618837,29.16,212.82854,1.9000002,1.9000002,0.0,21.99538,42.48,8.340786
2.0,0.0,2.0,0.0,1.0,1.0,4.0,4.0,0.0,4.0,2023-05-15,2023-05-17,6,1,1,1.9000002,1.9000002,0.0,21.99538,42.48,8.340786,0.0,0.0,0.0,18.998314,37.8,8.053194
0.0,0.0,0.0,0.0,1.0,1.0,4.0,4.0,15.06,4.0,2023-05-17,2023-05-17,7,1,1,0.0,0.0,0.0,18.998314,37.8,8.053194,0.0,0.0,0.0,18.998314,37.8,8.053194
15.0,0.0,15.9375,3.630921887069453,1.0,0.0,4.0,0.0,0.0,4.0,2023-05-17,2023-06-01,8,1,1,0.0,0.0,0.0,18.998314,37.8,8.053194,0.1,0.1,0.0,22.253124,44.28,61.01128
0.0,1.0,0.0,0.0,0.0,0.0,0.0,0.0,15.06,4.0,2023-06-01,2023-06-01,7,1,1,0.1,0.1,0.0,22.253124,44.28,61.01128,0.1,0.1,0.0,22.253124,44.28,61.01128
2.0,1.0,2.0,0.0,0.0,0.0,0.0,0.0,0.0,4.0,2023-06-01,2023-06-03,6,1,0,0.1,0.1,0.0,22.253124,44.28,61.01128,10.599999,10.599999,0.0,7.5942082,22.68,84.805756
30.0,0.0,24.0,7.3484692283495345,0.0,0.0,0.0,0.0,0.0,1.0,2023-06-01,2023-06-16,0,1,1,0.1,0.1,0.0,22.253124,44.28,61.01128,9.900001,9.900001,0.0,16.595179,30.960001,146.68288
9.0,1.0,10.5,1.0606601717798212,0.0,0.0,0.0,0.0,6698.14,4.0,2023-06-03,2023-06-12,5,0,1,10.599999,10.599999,0.0,7.5942082,22.68,84.805756,16.6,16.6,0.0,13.32,29.519999,324.0608
1.0,1.0,1.0,0.0,0.0,0.0,0.0,0.0,0.0,4.0,2023-06-12,2023-06-13,4,1,1,16.6,16.6,0.0,13.32,29.519999,324.0608,0.4,0.4,0.0,24.905132,47.16,283.89273
0.0,1.0,0.0,0.0,0.0,0.0,0.0,0.0,9.42,4.0,2023-06-13,2023-06-13,3,1,1,0.4,0.4,0.0,24.905132,47.16,283.89273,0.4,0.4,0.0,24.905132,47.16,283.89273
5.0,1.0,5.0,0.0,0.0,0.0,0.0,0.0,0.0,4.0,2023-06-13,2023-06-18,2,1,0,0.4,0.4,0.0,24.905132,47.16,283.89273,26.2,26.2,0.0,19.137648,39.6,120.859184
0.0,0.0,0.0,0.0,0.0,0.0,0.0,0.0,9.7,2.0,2023-06-16,2023-06-16,1,1,1,9.900001,9.900001,0.0,16.595179,30.960001,146.68288,9.900001,9.900001,0.0,16.595179,30.960001,146.68288
5.0,0.0,5.0,0.0,0.0,0.0,0.0,0.0,0.0,2.0,2023-06-16,2023-06-21,2,1,1,9.900001,9.900001,0.0,16.595179,30.960001,146.68288,27.900002,27.900002,0.0,19.33639,38.88,287.5859
33.0,1.0,119.89285714285714,100.92866621166311,0.0,0.0,0.0,2.0,9.7,3.0,2023-06-18,2023-07-21,1,0,1,26.2,26.2,0.0,19.137648,39.6,120.859184,0.0,0.0,0.0,14.982228,28.44,307.19284
98.0,1.0,119.89285714285714,100.92866621166311,0.0,1.0,0.0,2.0,9.7,1.0,2023-06-18,2023-09-24,1,0,0,26.2,26.2,0.0,19.137648,39.6,120.859184,0.0,0.0,0.0,11.879999,19.08,98.08256
0.0,0.0,0.0,0.0,0.0,0.0,0.0,0.0,9.42,2.0,2023-06-21,2023-06-21,3,1,1,27.900002,27.900002,0.0,19.33639,38.88,287.5859,27.900002,27.900002,0.0,19.33639,38.88,287.5859
1.0,0.0,1.0,0.0,0.0,0.0,0.0,0.0,0.0,2.0,2023-06-21,2023-06-22,4,1,1,27.900002,27.900002,0.0,19.33639,38.88,287.5859,0.0,0.0,0.0,10.086427,18.72,336.4477
11.0,0.0,10.375,0.5994789404140899,0.0,0.0,0.0,2.0,6698.14,2.0,2023-06-22,2023-07-03,5,1,1,0.0,0.0,0.0,10.086427,18.72,336.4477,0.3,0.3,0.0,21.707731,41.760002,255.55725
2.0,0.0,2.0,0.0,0.0,0.0,2.0,2.0,0.0,2.0,2023-07-03,2023-07-05,6,1,1,0.3,0.3,0.0,21.707731,41.760002,255.55725,6.3,6.3,0.0,11.885453,21.599998,8.267088
0.0,0.0,0.0,0.0,0.0,0.0,2.0,2.0,15.06,2.0,2023-07-05,2023-07-05,7,1,1,6.3,6.3,0.0,11.885453,21.599998,8.267088,6.3,6.3,0.0,11.885453,21.599998,8.267088
15.0,0.0,15.9375,3.630921887069453,0.0,0.0,2.0,2.0,0.0,2.0,2023-07-05,2023-07-20,8,1,1,6.3,6.3,0.0,11.885453,21.599998,8.267088,0.90000004,0.90000004,0.0,15.072783,29.519999,299.65344
0.0,1.0,0.0,0.0,0.0,0.0,2.0,2.0,15.06,2.0,2023-07-20,2023-07-20,7,1,1,0.90000004,0.90000004,0.0,15.072783,29.519999,299.65344,0.90000004,0.90000004,0.0,15.072783,29.519999,299.65344
2.0,1.0,2.0,0.0,0.0,0.0,2.0,2.0,0.0,2.0,2023-07-20,2023-07-22,6,1,0,0.90000004,0.90000004,0.0,15.072783,29.519999,299.65344,0.1,0.1,0.0,11.384198,21.96,258.3407
9.0,1.0,10.5,1.0606601717798212,0.0,0.0,2.0,2.0,6698.14,2.0,2023-07-22,2023-07-31,5,0,1,0.1,0.1,0.0,11.384198,21.96,258.3407,9.8,9.8,0.0,22.7057,44.28,259.89288
1.0,1.0,1.0,0.0,0.0,2.0,2.0,4.0,0.0,2.0,2023-07-31,2023-08-01,4,1,1,9.8,9.8,0.0,22.7057,44.28,259.89288,1.4,1.4,0.0,34.981182,63.72,251.71422
0.0,1.0,0.0,0.0,2.0,2.0,4.0,4.0,9.42,2.0,2023-08-01,2023-08-01,3,1,1,1.4,1.4,0.0,34.981182,63.72,251.71422,1.4,1.4,0.0,34.981182,63.72,251.71422
5.0,1.0,5.0,0.0,2.0,2.0,4.0,4.0,0.0,2.0,2023-08-01,2023-08-06,2,1,0,1.4,1.4,0.0,34.981182,63.72,251.71422,0.0,0.0,0.0,9.983106,21.599998,3.2121334
0.0,0.0,0.0,0.0,2.0,2.0,4.0,4.0,9.7,4.0,2023-08-05,2023-08-05,1,0,0,0.5,0.5,0.0,16.418526,33.48,304.79834,0.5,0.5,0.0,16.418526,33.48,304.79834
5.0,0.0,5.0,0.0,2.0,2.0,4.0,4.0,0.0,4.0,2023-08-05,2023-08-10,2,0,1,0.5,0.5,0.0,16.418526,33.48,304.79834,0.0,0.0,0.0,10.296251,18.359999,9.593087
16.0,1.0,119.89285714285714,100.92866621166311,2.0,2.0,4.0,4.0,9.7,2.0,2023-08-06,2023-08-22,1,0,1,0.0,0.0,0.0,9.983106,21.599998,3.2121334,0.0,0.0,0.0,9.422101,19.44,100.35691
0.0,0.0,0.0,0.0,2.0,2.0,4.0,4.0,9.42,4.0,2023-08-10,2023-08-10,3,1,1,0.0,0.0,0.0,10.296251,18.359999,9.593087,0.0,0.0,0.0,10.296251,18.359999,9.593087
1.0,0.0,1.0,0.0,2.0,2.0,4.0,4.0,0.0,4.0,2023-08-10,2023-08-11,4,1,1,0.0,0.0,0.0,10.296251,18.359999,9.593087,1.0,1.0,0.0,13.684735,29.16,298.89417
10.0,0.0,10.375,0.5994789404140899,2.0,2.0,4.0,4.0,6698.14,4.0,2023-08-11,2023-08-21,5,1,1,1.0,1.0,0.0,13.684735,29.16,298.89417,0.0,0.0,0.0,11.841756,21.599998,331.13492
2.0,0.0,2.0,0.0,2.0,2.0,4.0,4.0,0.0,4.0,2023-08-21,2023-08-23,6,1,1,0.0,0.0,0.0,11.841756,21.599998,331.13492,0.0,0.0,0.0,20.12461,47.88,210.46544
0.0,0.0,0.0,0.0,2.0,2.0,4.0,4.0,15.06,4.0,2023-08-23,2023-08-23,7,1,1,0.0,0.0,0.0,20.12461,47.88,210.46544,0.0,0.0,0.0,20.12461,47.88,210.46544
15.0,0.0,15.9375,3.630921887069453,2.0,1.0,4.0,2.0,0.0,4.0,2023-08-23,2023-09-07,8,1,1,0.0,0.0,0.0,20.12461,47.88,210.46544,0.0,0.0,0.0,11.304229,24.48,122.7166
0.0,0.0,0.0,0.0,1.0,1.0,2.0,2.0,9.7,2.0,2023-09-06,2023-09-06,1,1,1,0.0,0.0,0.0,13.18308,25.56,121.80721,0.0,0.0,0.0,13.18308,25.56,121.80721
5.0,0.0,5.0,0.0,1.0,1.0,2.0,2.0,0.0,2.0,2023-09-06,2023-09-11,2,1,1,0.0,0.0,0.0,13.18308,25.56,121.80721,22.300001,22.300001,0.0,10.495713,22.68,290.91608
0.0,1.0,0.0,0.0,1.0,1.0,2.0,2.0,15.06,4.0,2023-09-07,2023-09-07,7,1,1,0.0,0.0,0.0,11.304229,24.48,122.7166,0.0,0.0,0.0,11.304229,24.48,122.7166
2.0,1.0,2.0,0.0,1.0,1.0,2.0,2.0,0.0,4.0,2023-09-07,2023-09-09,6,1,0,0.0,0.0,0.0,11.304229,24.48,122.7166,0.1,0.1,0.0,9.726664,33.48,103.32451
12.0,1.0,10.5,1.0606601717798212,1.0,1.0,2.0,2.0,6698.14,4.0,2023-09-09,2023-09-21,5,0,1,0.1,0.1,0.0,9.726664,33.48,103.32451,3.7999995,3.7999995,0.0,21.470612,38.88,242.38042
0.0,0.0,0.0,0.0,1.0,1.0,2.0,2.0,9.42,2.0,2023-09-11,2023-09-11,3,1,1,22.300001,22.300001,0.0,10.495713,22.68,290.91608,22.300001,22.300001,0.0,10.495713,22.68,290.91608
1.0,0.0,1.0,0.0,1.0,1.0,2.0,2.0,0.0,2.0,2023-09-11,2023-09-12,4,1,1,22.300001,22.300001,0.0,10.495713,22.68,290.91608,0.6,0.6,0.0,11.988594,25.56,301.47675
10.0,0.0,10.375,0.5994789404140899,1.0,1.0,2.0,2.0,6698.14,2.0,2023-09-12,2023-09-22,5,1,1,0.6,0.6,0.0,11.988594,25.56,301.47675,0.2,0.2,0.0,14.255272,26.64,265.10095
1.0,1.0,1.0,0.0,1.0,1.0,2.0,2.0,0.0,4.0,2023-09-21,2023-09-22,4,1,1,3.7999995,3.7999995,0.0,21.470612,38.88,242.38042,0.2,0.2,0.0,14.255272,26.64,265.10095
0.0,1.0,0.0,0.0,1.0,1.0,2.0,2.0,9.42,4.0,2023-09-22,2023-09-22,3,1,1,0.2,0.2,0.0,14.255272,26.64,265.10095,0.2,0.2,0.0,14.255272,26.64,265.10095
2.0,0.0,2.0,0.0,1.0,1.0,2.0,2.0,0.0,2.0,2023-09-22,2023-09-24,6,1,0,0.2,0.2,0.0,14.255272,26.64,265.10095,0.0,0.0,0.0,11.879999,19.08,98.08256
5.0,1.0,5.0,0.0,1.0,1.0,2.0,2.0,0.0,4.0,2023-09-22,2023-09-27,2,1,1,0.2,0.2,0.0,14.255272,26.64,265.10095,0.0,0.0,0.0,13.392774,25.919998,208.09929
0.0,0.0,0.0,0.0,1.0,1.0,2.0,2.0,15.06,2.0,2023-09-24,2023-09-24,7,0,0,0.0,0.0,0.0,11.879999,19.08,98.08256,0.0,0.0,0.0,11.879999,19.08,98.08256
30.0,0.0,15.9375,3.630921887069453,1.0,2.0,2.0,2.0,0.0,2.0,2023-09-24,2023-10-09,8,0,1,0.0,0.0,0.0,11.879999,19.08,98.08256,0.0,0.0,0.0,9.83268,12.24,317.0309
46.0,1.0,119.89285714285714,100.92866621166311,1.0,1.0,2.0,0.0,9.7,3.0,2023-09-27,2023-11-12,1,1,0,0.0,0.0,0.0,13.392774,25.919998,208.09929,4.1,4.1,0.0,17.208603,31.319998,222.45624
145.0,1.0,119.89285714285714,100.92866621166311,1.0,0.0,2.0,0.0,9.7,1.0,2023-09-27,2024-02-19,1,1,1,0.0,0.0,0.0,13.392774,25.919998,208.09929,1.1,1.1,0.0,9.178235,16.199999,233.03937
0.0,1.0,0.0,0.0,2.0,2.0,2.0,2.0,15.06,4.0,2023-10-09,2023-10-09,1,1,1,0.0,0.0,0.0,9.83268,12.24,317.0309,0.0,0.0,0.0,9.83268,12.24,317.0309
2.0,1.0,2.0,0.0,2.0,2.0,2.0,2.0,0.0,2.0,2023-10-09,2023-10-09,7,1,1,0.0,0.0,0.0,9.83268,12.24,317.0309,0.0,0.0,0.0,9.83268,12.24,317.0309
5.0,0.0,5.0,0.0,2.0,2.0,2.0,2.0,0.0,2.0,2023-10-09,2023-10-11,6,1,1,0.0,0.0,0.0,9.83268,12.24,317.0309,0.0,0.0,0.0,10.495713,18.0,147.23279
10.0,1.0,10.5,1.0606601717798212,2.0,2.0,2.0,2.0,6698.14,2.0,2023-10-09,2023-10-14,2,1,0,0.0,0.0,0.0,9.83268,12.24,317.0309,0.0,0.0,0.0,14.168641,29.88,47.040855
0.0,0.0,0.0,0.0,2.0,2.0,2.0,2.0,9.42,2.0,2023-10-11,2023-10-21,5,1,0,0.0,0.0,0.0,10.495713,18.0,147.23279,0.6,0.6,0.0,15.281989,30.960001,140.3431
1.0,0.0,1.0,0.0,2.0,2.0,2.0,2.0,0.0,2.0,2023-10-14,2023-10-14,3,0,0,0.0,0.0,0.0,14.168641,29.88,47.040855,0.0,0.0,0.0,14.168641,29.88,47.040855
11.0,0.0,10.375,0.5994789404140899,2.0,2.0,2.0,2.0,6698.14,2.0,2023-10-14,2023-10-15,4,0,0,0.0,0.0,0.0,14.168641,29.88,47.040855,0.0,0.0,0.0,14.799459,25.199999,96.052536
1.0,1.0,1.0,0.0,2.0,2.0,2.0,2.0,0.0,2.0,2023-10-15,2023-10-26,5,0,1,0.0,0.0,0.0,14.799459,25.199999,96.052536,10.400001,10.400001,0.0,31.956972,60.479996,236.75696
0.0,1.0,0.0,0.0,2.0,2.0,2.0,2.0,9.42,2.0,2023-10-21,2023-10-22,4,0,0,0.6,0.6,0.0,15.281989,30.960001,140.3431,14.500001,14.500001,0.0,18.440998,33.839996,233.77875
5.0,1.0,5.0,0.0,2.0,2.0,2.0,2.0,0.0,2.0,2023-10-22,2023-10-22,3,0,0,14.500001,14.500001,0.0,18.440998,33.839996,233.77875,14.500001,14.500001,0.0,18.440998,33.839996,233.77875
2.0,0.0,2.0,0.0,2.0,2.0,2.0,2.0,0.0,2.0,2023-10-22,2023-10-27,2,0,1,14.500001,14.500001,0.0,18.440998,33.839996,233.77875,4.3999996,4.3999996,0.0,29.035288,55.44,195.40808
16.0,1.0,119.89285714285714,100.92866621166311,2.0,1.0,2.0,0.0,9.7,1.0,2023-10-26,2023-10-28,6,1,0,10.400001,10.400001,0.0,31.956972,60.479996,236.75696,32.3,32.3,0.0,16.055355,49.68,192.04778
122.0,1.0,119.89285714285714,100.92866621166311,2.0,0.0,2.0,0.0,9.7,1.0,2023-10-27,2023-11-12,1,1,0,4.3999996,4.3999996,0.0,29.035288,55.44,195.40808,4.1,4.1,0.0,17.208603,31.319998,222.45624
0.0,0.0,0.0,0.0,2.0,2.0,2.0,2.0,15.06,2.0,2023-10-27,2024-02-26,1,1,1,4.3999996,4.3999996,0.0,29.035288,55.44,195.40808,2.5,2.5,0.0,24.162945,47.16,341.6777
15.0,0.0,15.9375,3.630921887069453,2.0,1.0,2.0,0.0,0.0,2.0,2023-10-28,2023-10-28,7,0,0,32.3,32.3,0.0,16.055355,49.68,192.04778,32.3,32.3,0.0,16.055355,49.68,192.04778
0.0,1.0,0.0,0.0,1.0,1.0,0.0,0.0,15.06,2.0,2023-10-28,2023-11-12,8,0,0,32.3,32.3,0.0,16.055355,49.68,192.04778,4.1,4.1,0.0,17.208603,31.319998,222.45624
2.0,1.0,2.0,0.0,1.0,1.0,0.0,0.0,0.0,2.0,2023-11-12,2023-11-12,7,0,0,4.1,4.1,0.0,17.208603,31.319998,222.45624,4.1,4.1,0.0,17.208603,31.319998,222.45624
10.0,1.0,10.5,1.0606601717798212,1.0,1.0,0.0,0.0,6698.14,2.0,2023-11-12,2023-11-14,6,0,1,4.1,4.1,0.0,17.208603,31.319998,222.45624,0.90000004,0.90000004,0.0,13.783817,25.199999,196.83174
1.0,1.0,1.0,0.0,1.0,1.0,0.0,0.0,0.0,2.0,2023-11-14,2023-11-24,5,1,1,0.90000004,0.90000004,0.0,13.783817,25.199999,196.83174,0.1,0.1,0.0,13.849476,25.56,39.487156
0.0,1.0,0.0,0.0,1.0,1.0,0.0,0.0,9.42,2.0,2023-11-24,2023-11-25,4,1,0,0.1,0.1,0.0,13.849476,25.56,39.487156,0.0,0.0,0.0,8.12197,18.359999,95.4476
5.0,1.0,5.0,0.0,1.0,1.0,0.0,0.0,0.0,2.0,2023-11-25,2023-11-25,3,0,0,0.0,0.0,0.0,8.12197,18.359999,95.4476,0.0,0.0,0.0,8.12197,18.359999,95.4476
0.0,0.0,0.0,0.0,1.0,1.0,0.0,0.0,9.7,4.0,2023-11-25,2023-11-30,2,0,1,0.0,0.0,0.0,8.12197,18.359999,95.4476,8.900001,8.900001,0.0,12.0694,22.319998,319.10522
5.0,0.0,5.0,0.0,1.0,0.0,0.0,4.0,0.0,4.0,2023-11-27,2023-11-27,1,1,1,0.4,0.4,0.0,17.782688,34.2,329.18604,0.4,0.4,0.0,17.782688,34.2,329.18604
14.0,1.0,119.89285714285714,100.92866621166311,1.0,0.0,0.0,4.0,9.7,2.0,2023-11-27,2023-12-02,2,1,0,0.4,0.4,0.0,17.782688,34.2,329.18604,0.1,0.1,0.0,18.35647,32.399998,142.62558
0.0,0.0,0.0,0.0,0.0,0.0,4.0,4.0,9.42,4.0,2023-11-30,2023-12-14,1,1,1,8.900001,8.900001,0.0,12.0694,22.319998,319.10522,5.9,5.9,0.0,11.27553,21.96,349.26114
1.0,0.0,1.0,0.0,0.0,0.0,4.0,4.0,0.0,4.0,2023-12-02,2023-12-02,3,0,0,0.1,0.1,0.0,18.35647,32.399998,142.62558,0.1,0.1,0.0,18.35647,32.399998,142.62558
10.0,0.0,10.375,0.5994789404140899,0.0,0.0,4.0,4.0,6698.14,4.0,2023-12-02,2023-12-03,4,0,0,0.1,0.1,0.0,18.35647,32.399998,142.62558,15.099999,15.099999,0.0,29.131096,56.16,208.37752
2.0,0.0,2.0,0.0,0.0,0.0,4.0,4.0,0.0,4.0,2023-12-03,2023-12-13,5,0,1,15.099999,15.099999,0.0,29.131096,56.16,208.37752,0.1,0.1,0.0,17.0763,30.599998,314.5172
0.0,0.0,0.0,0.0,0.0,0.0,4.0,4.0,15.06,4.0,2023-12-13,2023-12-15,6,1,1,0.1,0.1,0.0,17.0763,30.599998,314.5172,0.0,0.0,0.0,13.044722,26.28,27.118792
15.0,0.0,15.9375,3.630921887069453,0.0,0.0,4.0,4.0,0.0,4.0,2023-12-15,2023-12-15,7,1,1,0.0,0.0,0.0,13.044722,26.28,27.118792,0.0,0.0,0.0,13.044722,26.28,27.118792
0.0,0.0,0.0,0.0,0.0,0.0,4.0,4.0,9.7,2.0,2023-12-15,2023-12-30,8,1,0,0.0,0.0,0.0,13.044722,26.28,27.118792,5.0999994,5.0999994,0.0,29.601109,58.679996,239.75104
5.0,0.0,5.0,0.0,0.0,2.0,4.0,2.0,0.0,2.0,2023-12-29,2023-12-29,1,1,1,0.1,0.1,0.0,16.199999,28.08,173.07535,0.1,0.1,0.0,16.199999,28.08,173.07535
0.0,1.0,0.0,0.0,0.0,0.0,4.0,4.0,15.06,4.0,2023-12-29,2024-01-03,2,1,1,0.1,0.1,0.0,16.199999,28.08,173.07535,4.0,4.0,0.0,17.727943,33.839996,206.43823
2.0,1.0,2.0,0.0,0.0,2.0,4.0,2.0,0.0,4.0,2023-12-30,2023-12-30,7,0,0,5.0999994,5.0999994,0.0,29.601109,58.679996,239.75104,5.0999994,5.0999994,0.0,29.601109,58.679996,239.75104
12.0,1.0,10.5,1.0606601717798212,2.0,2.0,2.0,2.0,6698.14,4.0,2023-12-30,2024-01-01,6,0,1,5.0999994,5.0999994,0.0,29.601109,58.679996,239.75104,1.8,1.8,0.0,30.827856,56.519997,214.67123
0.0,0.0,0.0,0.0,2.0,2.0,2.0,2.0,9.42,2.0,2024-01-01,2024-01-13,5,1,0,1.8,1.8,0.0,30.827856,56.519997,214.67123,0.2,0.2,0.0,7.172949,11.5199995,98.325615
1.0,0.0,1.0,0.0,2.0,2.0,2.0,2.0,0.0,2.0,2024-01-03,2024-01-03,3,1,1,4.0,4.0,0.0,17.727943,33.839996,206.43823,4.0,4.0,0.0,17.727943,33.839996,206.43823
10.0,0.0,10.375,0.5994789404140899,2.0,2.0,2.0,2.0,6698.14,2.0,2024-01-03,2024-01-04,4,1,1,4.0,4.0,0.0,17.727943,33.839996,206.43823,3.6,3.6,0.0,14.113652,31.68,262.4735
1.0,1.0,1.0,0.0,2.0,2.0,2.0,2.0,0.0,4.0,2024-01-04,2024-01-14,5,1,0,3.6,3.6,0.0,14.113652,31.68,262.4735,3.6,3.6,0.0,11.983188,21.96,89.15121
0.0,1.0,0.0,0.0,2.0,2.0,2.0,2.0,9.42,4.0,2024-01-13,2024-01-14,4,0,0,0.2,0.2,0.0,7.172949,11.5199995,98.325615,3.6,3.6,0.0,11.983188,21.96,89.15121
2.0,0.0,2.0,0.0,2.0,2.0,2.0,2.0,0.0,2.0,2024-01-14,2024-01-14,3,0,0,3.6,3.6,0.0,11.983188,21.96,89.15121,3.6,3.6,0.0,11.983188,21.96,89.15121
5.0,1.0,5.0,0.0,2.0,2.0,2.0,2.0,0.0,4.0,2024-01-14,2024-01-16,6,0,1,3.6,3.6,0.0,11.983188,21.96,89.15121,1.8,1.8,0.0,29.882166,55.079998,213.12024
0.0,0.0,0.0,0.0,2.0,2.0,2.0,2.0,15.06,2.0,2024-01-14,2024-01-19,2,0,1,3.6,3.6,0.0,11.983188,21.96,89.15121,0.0,0.0,0.0,14.007655,24.48,82.52143
15.0,0.0,15.9375,3.630921887069453,2.0,2.0,2.0,2.0,0.0,2.0,2024-01-16,2024-01-16,7,1,1,1.8,1.8,0.0,29.882166,55.079998,213.12024,1.8,1.8,0.0,29.882166,55.079998,213.12024
31.0,1.0,119.89285714285714,100.92866621166311,2.0,0.0,2.0,0.0,9.7,2.0,2024-01-16,2024-01-31,8,1,1,1.8,1.8,0.0,29.882166,55.079998,213.12024,0.4,0.4,0.0,10.495713,21.96,269.6303
0.0,1.0,0.0,0.0,2.0,2.0,2.0,2.0,15.06,2.0,2024-01-19,2024-02-19,1,1,1,0.0,0.0,0.0,14.007655,24.48,82.52143,1.1,1.1,0.0,9.178235,16.199999,233.03937
2.0,1.0,2.0,0.0,2.0,0.0,2.0,0.0,0.0,2.0,2024-01-31,2024-01-31,7,1,1,0.4,0.4,0.0,10.495713,21.96,269.6303,0.4,0.4,0.0,10.495713,21.96,269.6303
11.0,1.0,10.5,1.0606601717798212,0.0,0.0,0.0,0.0,6698.14,2.0,2024-01-31,2024-02-02,6,1,1,0.4,0.4,0.0,10.495713,21.96,269.6303,0.0,0.0,0.0,9.387651,18.0,18.78603
1.0,1.0,1.0,0.0,0.0,0.0,0.0,0.0,0.0,2.0,2024-02-02,2024-02-13,5,1,1,0.0,0.0,0.0,9.387651,18.0,18.78603,0.0,0.0,0.0,13.513193,24.48,144.00607
0.0,1.0,0.0,0.0,0.0,0.0,0.0,0.0,9.42,2.0,2024-02-13,2024-02-14,4,1,1,0.0,0.0,0.0,13.513193,24.48,144.00607,0.5,0.5,0.0,21.533897,42.839996,145.56912
5.0,1.0,5.0,0.0,0.0,0.0,0.0,0.0,0.0,2.0,2024-02-14,2024-02-14,3,1,1,0.5,0.5,0.0,21.533897,42.839996,145.56912,0.5,0.5,0.0,21.533897,42.839996,145.56912
0.0,1.0,119.89285714285714,100.92866621166311,0.0,0.0,0.0,0.0,9.7,1.0,2024-02-14,2024-02-19,2,1,1,0.5,0.5,0.0,21.533897,42.839996,145.56912,1.1,1.1,0.0,9.178235,16.199999,233.03937
0.0,0.0,0.0,0.0,2.0,2.0,6.0,6.0,9.7,4.0,2024-02-19,2024-02-19,1,1,1,1.1,1.1,0.0,9.178235,16.199999,233.03937,1.1,1.1,0.0,9.178235,16.199999,233.03937
5.0,0.0,5.0,0.0,2.0,2.0,6.0,6.0,0.0,4.0,2024-03-05,2024-03-05,1,1,1,1.8204302,1.8193549,0.00075268815,19.179728,37.01419,192.2118,1.8204302,1.8193549,0.00075268815,19.179728,37.01419,192.2118
0.0,0.0,0.0,0.0,2.0,2.0,6.0,6.0,9.42,4.0,2024-03-05,2024-03-10,2,1,0,1.8204302,1.8193549,0.00075268815,19.179728,37.01419,192.2118,1.8204302,1.8193549,0.00075268815,19.179728,37.01419,192.2118
1.0,0.0,1.0,0.0,2.0,2.0,6.0,6.0,0.0,4.0,2024-03-10,2024-03-10,3,0,0,1.8204302,1.8193549,0.00075268815,19.179728,37.01419,192.2118,1.8204302,1.8193549,0.00075268815,19.179728,37.01419,192.2118
10.0,0.0,10.375,0.5994789404140899,2.0,2.0,6.0,6.0,6698.14,4.0,2024-03-10,2024-03-11,4,0,1,1.8204302,1.8193549,0.00075268815,19.179728,37.01419,192.2118,1.8204302,1.8193549,0.00075268815,19.179728,37.01419,192.2118
2.0,0.0,2.0,0.0,2.0,2.0,6.0,6.0,0.0,4.0,2024-03-11,2024-03-21,5,1,1,1.8204302,1.8193549,0.00075268815,19.179728,37.01419,192.2118,1.8204302,1.8193549,0.00075268815,19.179728,37.01419,192.2118
0.0,0.0,0.0,0.0,2.0,2.0,6.0,6.0,15.06,4.0,2024-03-21,2024-03-23,6,1,0,1.8204302,1.8193549,0.00075268815,19.179728,37.01419,192.2118,1.8204302,1.8193549,0.00075268815,19.179728,37.01419,192.2118
15.0,0.0,15.9375,3.630921887069453,2.0,0.0,6.0,0.0,0.0,4.0,2024-03-23,2024-03-23,7,0,0,1.8204302,1.8193549,0.00075268815,19.179728,37.01419,192.2118,1.8204302,1.8193549,0.00075268815,19.179728,37.01419,192.2118
0.0,1.0,0.0,0.0,0.0,0.0,0.0,0.0,15.06,4.0,2024-03-23,2024-04-07,8,0,0,1.8204302,1.8193549,0.00075268815,19.179728,37.01419,192.2118,1.9555556,1.9555556,0.0,17.385378,34.792004,173.4024
2.0,1.0,2.0,0.0,0.0,0.0,0.0,0.0,0.0,4.0,2024-04-07,2024-04-07,7,0,0,1.9555556,1.9555556,0.0,17.385378,34.792004,173.4024,1.9555556,1.9555556,0.0,17.385378,34.792004,173.4024
10.0,1.0,10.5,1.0606601717798212,0.0,0.0,0.0,0.0,6698.14,4.0,2024-04-07,2024-04-09,6,0,1,1.9555556,1.9555556,0.0,17.385378,34.792004,173.4024,1.9555556,1.9555556,0.0,17.385378,34.792004,173.4024
1.0,1.0,1.0,0.0,0.0,0.0,0.0,0.0,0.0,4.0,2024-04-09,2024-04-19,5,1,1,1.9555556,1.9555556,0.0,17.385378,34.792004,173.4024,1.9555556,1.9555556,0.0,17.385378,34.792004,173.4024
0.0,1.0,0.0,0.0,0.0,0.0,0.0,0.0,9.42,4.0,2024-04-19,2024-04-20,4,1,0,1.9555556,1.9555556,0.0,17.385378,34.792004,173.4024,1.9555556,1.9555556,0.0,17.385378,34.792004,173.4024
5.0,1.0,5.0,0.0,0.0,0.0,0.0,0.0,0.0,4.0,2024-04-20,2024-04-20,3,0,0,1.9555556,1.9555556,0.0,17.385378,34.792004,173.4024,1.9555556,1.9555556,0.0,17.385378,34.792004,173.4024
